TimeStamp,Speed,Distance,Collision,Leading Speed,Ticks
0:00:04 0.00 5.33 0.00 0.00 1398
0:00:04 0.00 5.33 0.00 0.00 1465
0:00:04 0.00 5.33 0.00 0.00 1500
0:00:04 0.00 5.33 0.00 0.00 1533
0:00:04 0.00 5.33 0.00 0.00 1554
0:00:04 0.00 5.33 0.00 0.00 1588
0:00:04 0.00 5.33 0.00 0.00 1627
0:00:04 0.00 5.33 0.00 0.00 1648
0:00:04 0.00 5.33 0.00 0.00 1680
0:00:04 0.00 5.33 0.00 0.00 1716
0:00:04 0.00 5.33 0.00 0.00 1738
0:00:04 0.00 5.33 0.00 0.00 1773
0:00:04 0.00 5.33 0.00 0.00 1807
0:00:04 0.00 5.33 0.00 0.00 1830
0:00:04 0.00 5.33 0.00 0.00 1852
0:00:04 0.00 5.33 0.00 0.00 1877
0:00:04 0.00 5.34 0.00 0.83 1908
0:00:04 0.00 5.34 0.00 0.83 1925
0:00:04 0.00 5.34 0.00 0.83 1955
0:00:04 0.00 5.37 0.00 2.01 1972
0:00:04 0.00 5.41 0.00 0.65 2005
0:00:04 0.00 5.41 0.00 0.65 2022
0:00:05 0.00 5.42 0.00 0.75 2056
0:00:05 0.00 5.42 0.00 0.75 2083
0:00:05 0.00 5.45 0.00 1.60 2112
0:00:05 0.00 5.45 0.00 1.60 2138
0:00:05 0.00 5.48 0.00 2.09 2169
0:00:05 0.00 5.53 0.00 2.66 2207
0:00:05 0.00 5.59 0.00 3.11 2248
0:00:05 0.00 5.65 0.00 3.64 2280
0:00:05 0.00 5.65 0.00 3.64 2296
0:00:05 0.00 5.65 0.00 3.64 2324
0:00:05 0.00 5.76 0.00 4.27 2344
0:00:05 0.00 5.83 0.00 4.76 2380
0:00:05 0.00 5.93 0.00 5.22 2421
0:00:05 0.00 6.03 0.00 5.86 2461
0:00:05 0.00 6.14 0.00 6.41 2494
0:00:05 0.00 6.14 0.00 6.41 2537
0:00:05 0.00 6.26 0.00 7.04 2565
0:00:05 0.00 6.41 0.00 7.82 2588
0:00:05 0.00 6.53 0.00 8.36 2611
0:00:05 0.00 6.53 0.00 8.36 2625
0:00:05 0.00 6.65 0.00 8.79 2645
0:00:05 0.00 6.65 0.00 8.79 2662
0:00:05 0.00 6.78 0.00 9.22 2689
0:00:05 0.00 6.92 0.00 9.67 2720
0:00:05 0.00 7.06 0.00 10.16 2752
0:00:05 0.00 7.06 0.00 10.16 2773
0:00:05 0.00 7.25 0.00 10.75 2796
0:00:05 0.00 7.42 0.00 11.24 2824
0:00:05 0.00 7.61 0.00 11.72 2866
0:00:05 0.00 7.82 0.00 11.95 2890
0:00:05 0.00 7.82 0.00 11.95 2909
0:00:05 0.00 7.82 0.00 11.95 2933
0:00:05 0.00 8.07 0.00 12.05 2957
0:00:05 0.00 8.27 0.00 12.24 2986
0:00:05 0.00 8.50 0.00 12.47 3015
0:00:05 0.00 8.50 0.00 12.47 3036
0:00:06 0.00 8.71 0.00 12.43 3064
0:00:06 0.00 8.93 0.00 12.49 3102
0:00:06 0.00 8.93 0.00 12.49 3123
0:00:06 0.00 9.18 0.00 13.53 3150
0:00:06 0.00 9.45 0.00 14.68 3184
0:00:06 0.00 9.45 0.00 14.68 3202
0:00:06 0.00 9.77 0.00 15.65 3236
0:00:06 0.00 9.77 0.00 15.65 3259
0:00:06 0.00 10.13 0.00 16.54 3287
0:00:06 0.00 10.43 0.00 17.13 3321
0:00:06 0.00 10.43 0.00 17.13 3343
0:00:06 0.00 10.81 0.00 17.72 3371
0:00:06 0.00 11.13 0.00 18.01 3414
0:00:06 0.00 11.13 0.00 18.01 3437
0:00:06 0.00 11.54 0.00 18.32 3466
0:00:06 0.00 11.54 0.00 18.32 3484
0:00:06 0.00 11.97 0.00 18.62 3521
0:00:06 0.00 11.97 0.00 18.62 3538
0:00:06 0.00 12.50 0.00 19.12 3570
0:00:06 0.00 12.50 0.00 19.12 3585
0:00:06 0.00 12.83 0.00 19.48 3626
0:00:06 0.00 12.83 0.00 19.48 3661
0:00:06 0.00 13.59 0.00 20.43 3690
0:00:06 0.00 13.59 0.00 20.43 3710
0:00:06 0.00 13.94 0.00 20.82 3740
0:00:06 0.00 13.94 0.00 20.82 3771
0:00:06 0.00 14.34 0.00 21.26 3790
0:00:06 0.00 14.74 0.00 21.48 3820
0:00:06 0.00 15.07 0.00 21.44 3855
0:00:06 0.00 15.07 0.00 21.44 3875
0:00:06 0.00 15.38 0.00 21.30 3895
0:00:06 0.00 15.70 0.00 21.19 3924
0:00:06 0.00 15.98 0.00 21.14 3950
0:00:06 0.00 16.26 0.00 21.11 3986
0:00:06 0.00 16.26 0.00 21.11 4013
0:00:06 0.00 16.59 0.00 21.17 4031
0:00:07 0.00 17.02 0.00 21.31 4061
0:00:07 0.00 17.37 0.00 21.45 4090
0:00:07 0.00 17.37 0.00 21.45 4110
0:00:07 0.00 17.82 0.00 21.68 4143
0:00:07 0.00 18.20 0.00 21.90 4177
0:00:07 0.00 18.20 0.00 21.90 4198
0:00:07 0.00 18.58 0.00 22.11 4223
0:00:07 0.00 18.97 0.00 22.34 4260
0:00:07 0.00 18.97 0.00 22.34 4298
0:00:07 0.00 19.37 0.00 22.41 4333
0:00:07 0.00 19.78 0.00 22.40 4355
0:00:07 0.00 19.78 0.00 22.40 4381
0:00:07 0.00 20.18 0.00 22.34 4415
0:00:07 0.00 20.59 0.00 22.19 4436
0:00:07 0.00 20.99 0.00 22.06 4460
0:00:07 0.00 20.99 0.00 22.06 4483
0:00:07 0.00 21.37 0.00 21.98 4510
0:00:07 0.00 21.37 0.00 21.98 4531
0:00:07 0.00 21.78 0.00 21.94 4566
0:00:07 0.00 22.23 0.00 21.74 4596
0:00:07 0.00 22.63 0.00 21.37 4642
0:00:07 0.00 23.00 0.00 20.89 4679
0:00:07 0.00 23.36 0.00 20.35 4716
0:00:07 0.00 23.72 0.00 19.69 4754
0:00:07 0.00 23.72 0.00 19.69 4775
0:00:07 0.00 24.10 0.00 18.97 4800
0:00:07 0.00 24.45 0.00 18.28 4833
0:00:07 0.00 24.45 0.00 18.28 4871
0:00:07 0.00 25.05 0.00 17.03 4904
0:00:07 0.00 25.05 0.00 17.03 4925
0:00:07 0.00 25.36 0.00 16.57 4957
0:00:07 0.00 25.36 0.00 16.57 4990
0:00:07 0.00 25.73 0.00 16.33 5010
0:00:07 0.00 25.97 0.00 16.33 5037
0:00:07 0.00 25.97 0.00 16.33 5057
0:00:08 0.00 26.30 0.00 14.96 5084
0:00:08 0.00 26.30 0.00 14.96 5104
0:00:08 0.00 26.53 0.00 14.49 5146
0:00:08 0.00 26.81 0.00 14.16 5167
0:00:08 0.00 27.03 0.00 14.02 5191
0:00:08 0.00 27.03 0.00 14.02 5210
0:00:08 0.00 27.23 0.00 14.04 5232
0:00:08 0.00 27.41 0.00 14.08 5259
0:00:08 0.00 27.60 0.00 14.35 5286
0:00:08 0.00 27.60 0.00 14.35 5304
0:00:08 0.00 27.88 0.00 14.63 5330
0:00:08 0.00 28.08 0.00 14.99 5367
0:00:08 0.00 28.36 0.00 15.26 5397
0:00:08 0.00 28.36 0.00 15.26 5415
0:00:08 0.00 28.62 0.00 15.65 5435
0:00:08 0.00 28.91 0.00 15.68 5476
0:00:08 0.00 28.91 0.00 15.68 5494
0:00:08 0.00 29.17 0.00 15.62 5524
0:00:08 0.00 29.17 0.00 15.62 5552
0:00:08 0.00 29.41 0.00 15.61 5571
0:00:08 0.00 29.70 0.00 16.72 5595
0:00:08 0.00 30.01 0.00 17.17 5624
0:00:08 0.00 30.01 0.00 17.17 5643
0:00:08 0.00 30.01 0.00 17.17 5671
0:00:08 0.00 30.36 0.00 17.11 5692
0:00:08 0.00 30.69 0.00 16.79 5722
0:00:08 0.00 30.90 0.00 16.56 5752
0:00:08 0.00 30.90 0.00 16.56 5771
0:00:08 0.00 31.21 0.00 16.10 5795
0:00:08 0.00 31.21 0.00 16.10 5816
0:00:08 0.00 31.47 0.00 15.67 5845
0:00:08 0.00 31.78 0.00 15.13 5879
0:00:08 0.00 31.78 0.00 15.13 5905
0:00:08 0.00 31.99 0.00 14.67 5926
0:00:08 0.00 32.24 0.00 14.19 5952
0:00:08 0.00 32.54 0.00 13.57 5995
0:00:08 0.00 32.75 0.00 11.61 6030
0:00:09 0.00 32.92 0.00 9.38 6062
0:00:09 0.00 32.92 0.00 9.38 6082
0:00:09 0.00 33.06 0.00 7.58 6113
0:00:09 0.00 33.06 0.00 7.58 6143
0:00:09 0.00 33.18 0.00 7.48 6166
0:00:09 0.00 33.30 0.00 7.55 6199
0:00:09 0.00 33.45 0.00 7.88 6229
0:00:09 0.00 33.45 0.00 7.88 6252
0:00:09 0.00 33.61 0.00 8.36 6281
0:00:09 0.00 33.77 0.00 8.91 6307
0:00:09 0.00 33.77 0.00 8.91 6327
0:00:09 0.00 33.77 0.00 8.91 6355
0:00:09 0.00 33.94 0.00 9.50 6387
0:00:09 0.00 34.11 0.00 10.08 6419
0:00:09 0.00 34.28 0.00 10.64 6439
0:00:09 0.00 34.52 0.00 11.39 6473
0:00:09 0.00 34.52 0.00 11.39 6509
0:00:09 0.00 34.73 0.00 12.01 6529
0:00:09 0.00 34.98 0.00 12.30 6566
0:00:09 0.00 34.98 0.00 12.30 6585
0:00:09 0.00 35.25 0.00 12.41 6615
0:00:09 0.00 35.25 0.00 12.41 6638
0:00:09 0.00 35.50 0.00 12.58 6675
0:00:09 0.00 35.71 0.00 12.58 6711
0:00:09 0.00 35.94 0.00 12.55 6740
0:00:09 0.00 35.94 0.00 12.55 6770
0:00:09 0.00 36.22 0.00 13.98 6789
0:00:09 0.00 36.51 0.00 15.21 6817
0:00:09 0.00 36.51 0.00 15.21 6837
0:00:09 0.00 36.84 0.00 16.28 6869
0:00:09 0.00 37.14 0.00 17.11 6906
0:00:09 0.00 37.14 0.00 17.11 6927
0:00:09 0.00 37.46 0.00 17.85 6955
0:00:09 0.00 37.80 0.00 18.56 6988
0:00:09 0.00 37.80 0.00 18.56 7008
0:00:10 0.00 38.26 0.00 19.43 7049
0:00:10 0.00 38.62 0.00 20.07 7087
0:00:10 0.00 39.00 0.00 20.69 7129
0:00:10 0.00 39.00 0.00 20.69 7158
0:00:10 0.00 39.45 0.00 21.39 7177
0:00:10 0.00 39.45 0.00 21.39 7198
0:00:10 0.00 39.85 0.00 21.98 7226
0:00:10 0.00 39.85 0.00 22.57 7261
0:00:10 0.00 40.26 0.00 22.57 7283
0:00:10 0.00 40.69 0.00 23.16 7328
0:00:10 0.00 41.16 0.00 23.32 7359
0:00:10 0.00 41.58 0.00 23.13 7391
0:00:10 0.00 41.58 0.00 23.13 7410
0:00:10 0.00 42.16 0.00 23.85 7434
0:00:10 0.00 42.16 0.00 23.85 7453
0:00:10 0.00 42.57 0.00 24.52 7481
0:00:10 0.00 42.96 0.00 25.08 7511
0:00:10 0.00 43.26 0.00 25.48 7533
0:00:10 0.00 43.26 0.00 25.48 7545
0:00:10 0.00 43.61 0.00 25.90 7569
0:00:10 0.00 43.96 0.00 26.31 7596
0:00:10 0.00 43.96 0.00 26.31 7609
0:00:10 0.00 44.83 0.00 27.23 7667
0:00:10 0.00 44.83 0.00 27.23 7686
0:00:10 0.00 45.23 0.00 27.63 7716
0:00:10 0.00 45.78 0.00 28.15 7750
0:00:10 0.00 45.78 0.00 28.15 7782
0:00:10 0.00 46.33 0.00 28.66 7801
0:00:10 0.00 46.33 0.00 28.66 7825
0:00:10 0.00 46.95 0.00 29.21 7846
0:00:10 0.00 47.36 0.00 29.57 7877
0:00:10 0.00 47.91 0.00 30.04 7910
0:00:10 0.00 47.91 0.00 30.04 7928
0:00:10 0.00 48.50 0.00 30.53 7959
0:00:10 0.00 48.50 0.00 30.53 7980
0:00:10 0.00 49.08 0.00 31.00 8006
0:00:11 0.00 49.65 0.00 31.45 8045
0:00:11 0.00 50.10 0.00 31.81 8075
0:00:11 0.00 50.60 0.00 32.20 8108
0:00:11 0.00 51.17 0.00 32.64 8136
0:00:11 0.00 51.17 0.00 32.64 8155
0:00:11 0.00 51.72 0.00 33.06 8185
0:00:11 0.00 52.34 0.00 33.38 8218
0:00:11 0.00 52.34 0.00 33.38 8237
0:00:11 0.00 52.34 0.00 33.38 8263
0:00:11 0.00 52.95 0.00 33.39 8283
0:00:11 0.00 53.53 0.00 33.38 8309
0:00:11 0.00 53.53 0.00 33.38 8344
0:00:11 0.00 54.18 0.00 33.78 8363
0:00:11 0.00 54.81 0.00 34.33 8399
0:00:11 0.00 55.43 0.00 34.80 8431
0:00:11 0.00 55.43 0.00 34.80 8450
0:00:11 0.00 56.16 0.00 35.31 8484
0:00:11 0.00 56.80 0.00 35.72 8517
0:00:11 0.00 56.80 0.00 35.72 8545
0:00:11 0.00 57.47 0.00 36.13 8560
0:00:11 0.00 58.04 0.00 36.41 8590
0:00:11 0.00 58.04 0.00 36.41 8605
0:00:11 0.00 58.78 0.00 36.74 8640
0:00:11 0.00 59.33 0.00 36.99 8676
0:00:11 0.00 60.03 0.00 37.31 8714
0:00:11 0.00 60.03 0.00 37.31 8744
0:00:11 0.00 60.61 0.00 37.59 8763
0:00:11 0.00 61.37 0.00 37.97 8791
0:00:11 0.00 61.37 0.00 37.97 8812
0:00:11 0.00 61.96 0.00 38.25 8840
0:00:11 0.00 62.66 0.00 38.59 8868
0:00:11 0.00 62.66 0.00 38.59 8889
0:00:11 0.00 63.27 0.00 38.89 8919
0:00:11 0.00 64.06 0.00 39.28 8954
0:00:11 0.00 64.70 0.00 39.58 8991
0:00:11 0.00 65.49 0.00 39.96 9026
0:00:12 0.00 66.21 0.00 40.31 9067
0:00:12 0.00 66.21 0.00 40.31 9089
0:00:12 0.00 66.93 0.00 40.64 9120
0:00:12 0.00 67.75 0.00 41.03 9161
0:00:12 0.00 68.56 0.00 41.40 9192
0:00:12 0.00 69.38 0.00 41.76 9234
0:00:12 0.00 70.12 0.00 42.02 9278
0:00:12 0.00 70.89 0.00 42.27 9315
0:00:12 0.00 70.89 0.00 42.27 9338
0:00:12 0.00 71.95 0.00 42.62 9375
0:00:12 0.00 72.67 0.00 42.80 9412
0:00:12 0.72 73.46 0.00 42.96 9453
0:00:12 0.72 73.46 0.00 42.96 9478
0:00:12 1.74 74.32 0.00 43.18 9519
0:00:12 2.41 75.10 0.00 43.43 9553
0:00:12 3.13 75.87 0.00 43.71 9590
0:00:12 3.13 75.87 0.00 43.71 9611
0:00:12 3.73 76.83 0.00 44.06 9635
0:00:12 3.73 76.83 0.00 44.06 9655
0:00:12 4.14 77.48 0.00 44.25 9682
0:00:12 4.14 77.48 0.00 44.25 9703
0:00:12 4.77 78.23 0.00 44.43 9723
0:00:12 5.26 78.87 0.00 44.52 9752
0:00:12 5.26 78.87 0.00 44.52 9779
0:00:12 5.81 79.51 0.00 44.57 9798
0:00:12 6.48 80.11 0.00 44.63 9825
0:00:12 7.01 80.59 0.00 44.69 9849
0:00:12 7.56 81.11 0.00 44.79 9876
0:00:12 7.56 81.11 0.00 44.79 9895
0:00:12 8.17 81.69 0.00 44.95 9927
0:00:12 8.77 82.27 0.00 45.15 9959
0:00:12 9.34 82.83 0.00 45.36 9982
0:00:12 9.34 82.83 0.00 45.36 9995
0:00:12 9.98 83.46 0.00 45.58 10030
0:00:12 9.98 83.46 0.00 45.58 10043
0:00:13 10.73 84.18 0.00 45.79 10081
0:00:13 10.73 84.18 0.00 45.79 10099
0:00:13 11.57 84.99 0.00 46.05 10130
0:00:13 11.57 84.99 0.00 46.05 10157
0:00:13 12.30 85.69 0.00 46.17 10188
0:00:13 12.30 85.69 0.00 46.17 10216
0:00:13 12.60 86.41 0.00 46.17 10235
0:00:13 12.85 87.03 0.00 46.14 10273
0:00:13 13.03 87.74 0.00 46.15 10309
0:00:13 13.03 87.74 0.00 46.15 10333
0:00:13 13.01 88.37 0.00 46.24 10359
0:00:13 13.12 89.01 0.00 46.41 10399
0:00:13 13.12 89.01 0.00 46.41 10424
0:00:13 15.05 89.87 0.00 46.74 10461
0:00:13 16.03 90.42 0.00 46.94 10491
0:00:13 16.03 90.42 0.00 46.94 10518
0:00:13 17.16 91.14 0.00 47.18 10550
0:00:13 17.86 91.63 0.00 47.34 10585
0:00:13 18.56 92.14 0.00 47.48 10624
0:00:13 19.12 92.58 0.00 47.61 10656
0:00:13 19.12 92.58 0.00 47.61 10684
0:00:13 19.81 93.12 0.00 47.80 10710
0:00:13 19.81 93.12 0.00 47.80 10744
0:00:13 20.49 93.67 0.00 47.98 10767
0:00:13 21.09 94.16 0.00 48.11 10795
0:00:13 21.09 94.16 0.00 48.11 10824
0:00:13 21.74 94.69 0.00 48.29 10844
0:00:13 22.31 95.15 0.00 48.33 10874
0:00:13 22.78 95.53 0.00 48.28 10909
0:00:13 23.37 95.99 0.00 48.22 10942
0:00:13 23.37 95.99 0.00 48.22 10962
0:00:13 23.33 96.55 0.00 48.17 11001
0:00:13 23.33 96.55 0.00 48.17 11030
0:00:13 23.52 97.06 0.00 48.21 11050
0:00:14 24.07 97.58 0.00 48.35 11085
0:00:14 24.07 97.58 0.00 48.35 11105
0:00:14 25.08 98.21 0.00 48.64 11142
0:00:14 25.08 98.21 0.00 48.64 11163
0:00:14 25.78 98.69 0.00 48.93 11197
0:00:14 26.39 99.14 0.00 48.83 11229
0:00:14 26.39 99.14 0.00 48.83 11249
0:00:14 26.99 99.60 0.00 48.75 11283
0:00:14 26.99 99.60 0.00 48.75 11302
0:00:14 27.71 100.15 0.00 49.12 11334
0:00:14 27.71 100.15 0.00 49.12 11358
0:00:14 28.35 100.67 0.00 49.58 11387
0:00:14 28.35 100.67 0.00 49.58 11415
0:00:14 29.02 101.21 0.00 50.02 11447
0:00:14 29.39 101.52 0.00 50.23 11476
0:00:14 29.39 101.52 0.00 50.23 11497
0:00:14 29.80 101.85 0.00 50.40 11524
0:00:14 30.31 102.26 0.00 50.53 11556
0:00:14 30.31 102.26 0.00 50.53 11576
0:00:14 30.72 102.58 0.00 50.45 11605
0:00:14 31.17 102.93 0.00 50.30 11639
0:00:14 31.61 103.26 0.00 50.27 11670
0:00:14 31.61 103.26 0.00 50.27 11689
0:00:14 32.13 103.64 0.00 50.25 11712
0:00:14 32.13 103.64 0.00 50.25 11726
0:00:14 32.13 103.64 0.00 50.25 11746
0:00:14 32.66 104.02 0.00 50.26 11771
0:00:14 33.14 104.36 0.00 50.27 11803
0:00:14 33.14 104.36 0.00 50.27 11818
0:00:14 33.48 104.71 0.00 50.26 11850
0:00:14 33.48 104.71 0.00 50.26 11863
0:00:14 33.48 104.71 0.00 50.26 11889
0:00:14 33.50 105.01 0.00 50.24 11906
0:00:14 33.48 105.38 0.00 50.24 11936
0:00:14 33.48 105.38 0.00 50.24 11952
0:00:14 33.48 105.38 0.00 50.24 11971
0:00:14 34.05 105.72 0.00 50.26 12002
0:00:14 34.63 106.05 0.00 50.28 12036
0:00:14 34.63 106.05 0.00 50.28 12056
0:00:15 35.06 106.31 0.00 50.27 12079
0:00:15 35.44 106.55 0.00 50.28 12100
0:00:15 35.44 106.55 0.00 50.28 12127
0:00:15 35.81 106.79 0.00 50.29 12150
0:00:15 36.14 107.00 0.00 50.31 12173
0:00:15 36.43 107.19 0.00 50.30 12202
0:00:15 36.71 107.38 0.00 50.28 12235
0:00:15 36.71 107.38 0.00 50.28 12250
0:00:15 37.00 107.57 0.00 50.26 12273
0:00:15 37.29 107.76 0.00 50.25 12306
0:00:15 37.29 107.76 0.00 50.25 12329
0:00:15 37.64 107.99 0.00 50.27 12343
0:00:15 37.64 107.99 0.00 50.27 12363
0:00:15 38.00 108.22 0.00 50.26 12389
0:00:15 38.00 108.22 0.00 50.26 12408
0:00:15 38.49 108.52 0.00 50.26 12437
0:00:15 38.79 108.70 0.00 50.28 12473
0:00:15 39.12 108.90 0.00 50.30 12501
0:00:15 39.12 108.90 0.00 50.30 12520
0:00:15 39.50 109.12 0.00 50.29 12552
0:00:15 39.81 109.29 0.00 50.25 12582
0:00:15 39.81 109.29 0.00 50.25 12604
0:00:15 40.09 109.44 0.00 50.23 12630
0:00:15 40.42 109.61 0.00 50.22 12663
0:00:15 40.42 109.61 0.00 50.22 12682
0:00:15 40.76 109.79 0.00 50.24 12707
0:00:15 40.76 109.79 0.00 50.24 12735
0:00:15 41.08 109.94 0.00 50.28 12753
0:00:15 41.42 110.11 0.00 50.25 12781
0:00:15 41.42 110.11 0.00 50.25 12812
0:00:15 41.81 110.29 0.00 50.15 12834
0:00:15 42.17 110.44 0.00 50.10 12865
0:00:15 42.17 110.44 0.00 50.10 12895
0:00:15 42.50 110.58 0.00 50.08 12913
0:00:15 42.50 110.58 0.00 50.08 12945
0:00:15 42.92 110.74 0.00 50.12 12969
0:00:15 43.21 110.86 0.00 50.20 13006
0:00:15 43.65 111.02 0.00 50.23 13038
0:00:15 43.65 111.02 0.00 50.23 13072
0:00:16 43.96 111.12 0.00 50.18 13092
0:00:16 44.29 111.23 0.00 50.15 13114
0:00:16 44.29 111.23 0.00 50.15 13138
0:00:16 44.68 111.35 0.00 50.11 13167
0:00:16 44.68 111.35 0.00 50.11 13187
0:00:16 45.08 111.46 0.00 50.12 13207
0:00:16 45.08 111.46 0.00 50.12 13228
0:00:16 45.45 111.56 0.00 50.17 13261
0:00:16 45.81 111.65 0.00 50.17 13294
0:00:16 46.13 111.73 0.00 50.16 13329
0:00:16 46.17 111.80 0.00 50.17 13366
0:00:16 46.17 111.80 0.00 50.17 13387
0:00:16 46.15 111.90 0.00 50.21 13419
0:00:16 46.36 111.97 0.00 50.21 13459
0:00:16 46.36 111.97 0.00 50.21 13481
0:00:16 46.77 112.04 0.00 50.18 13510
0:00:16 47.16 112.11 0.00 50.14 13544
0:00:16 47.16 112.11 0.00 50.14 13568
0:00:16 47.59 112.18 0.00 50.14 13600
0:00:16 47.89 112.23 0.00 50.17 13636
0:00:16 48.23 112.28 0.00 50.21 13685
0:00:16 48.51 112.32 0.00 50.21 13717
0:00:16 48.51 112.32 0.00 50.21 13739
0:00:16 48.85 112.36 0.00 50.16 13787
0:00:16 49.11 112.38 0.00 50.13 13820
0:00:16 49.36 112.41 0.00 50.15 13853
0:00:16 49.57 112.42 0.00 50.20 13887
0:00:16 49.87 112.44 0.00 50.28 13944
0:00:16 50.07 112.45 0.00 50.33 13974
0:00:16 50.34 112.46 0.00 50.29 14008
0:00:17 50.59 112.46 0.00 50.20 14039
0:00:17 50.59 112.46 0.00 50.20 14067
0:00:17 50.80 112.45 0.00 50.15 14094
0:00:17 51.11 112.44 0.00 50.11 14137
0:00:17 51.37 112.43 0.00 50.14 14170
0:00:17 51.59 112.42 0.00 50.22 14206
0:00:17 51.59 113.17 0.00 50.33 14233
0:00:17 51.80 112.40 0.00 50.33 14246
0:00:17 51.98 112.39 0.00 50.44 14267
0:00:17 51.98 112.39 0.00 50.44 14283
0:00:17 52.18 112.38 0.00 50.56 14305
0:00:17 52.37 112.36 0.00 50.69 14330
0:00:17 52.37 112.36 0.00 50.69 14347
0:00:17 52.63 112.34 0.00 50.88 14375
0:00:17 52.90 112.32 0.00 51.10 14418
0:00:17 53.08 112.30 0.00 51.26 14452
0:00:17 53.30 112.28 0.00 51.45 14476
0:00:17 53.30 112.28 0.00 51.45 14501
0:00:17 53.30 112.28 0.00 51.45 14531
0:00:17 53.54 112.26 0.00 51.58 14550
0:00:17 53.54 112.26 0.00 51.58 14574
0:00:17 54.10 112.20 0.00 51.75 14606
0:00:17 54.35 112.17 0.00 51.85 14639
0:00:17 54.35 112.17 0.00 51.85 14657
0:00:17 54.59 112.13 0.00 51.99 14692
0:00:17 54.83 112.10 0.00 52.16 14728
0:00:17 55.06 112.06 0.00 52.33 14763
0:00:17 55.25 112.03 0.00 52.46 14793
0:00:17 55.25 112.03 0.00 52.46 14811
0:00:17 55.25 112.03 0.00 52.46 14831
0:00:17 55.56 111.98 0.00 52.64 14858
0:00:17 55.82 111.94 0.00 52.72 14889
0:00:17 56.04 111.89 0.00 52.75 14929
0:00:17 56.04 111.89 0.00 52.75 14956
0:00:17 56.49 111.80 0.00 52.92 14990
0:00:17 56.49 111.80 0.00 52.92 15009
0:00:18 56.78 111.73 0.00 53.09 15036
0:00:18 56.78 111.73 0.00 53.09 15056
0:00:18 57.05 111.67 0.00 53.28 15087
0:00:18 57.26 111.62 0.00 53.41 15124
0:00:18 57.48 111.57 0.00 53.52 15152
0:00:18 57.48 111.57 0.00 53.52 15189
0:00:18 57.74 111.50 0.00 53.61 15225
0:00:18 57.92 111.45 0.00 53.62 15253
0:00:18 58.24 111.36 0.00 53.61 15288
0:00:18 58.50 111.28 0.00 53.63 15330
0:00:18 58.77 111.19 0.00 53.70 15366
0:00:18 58.77 111.19 0.00 53.70 15389
0:00:18 59.14 111.07 0.00 53.88 15424
0:00:18 59.14 111.07 0.00 53.88 15450
0:00:18 59.39 110.98 0.00 54.00 15476
0:00:18 59.71 110.86 0.00 53.91 15513
0:00:18 59.95 110.76 0.00 53.77 15551
0:00:18 59.95 110.76 0.00 53.77 15581
0:00:18 60.18 110.67 0.00 53.74 15605
0:00:18 60.18 110.67 0.00 53.74 15628
0:00:18 60.67 110.44 0.00 53.73 15688
0:00:18 60.88 110.34 0.00 53.78 15723
0:00:18 61.13 110.21 0.00 53.88 15750
0:00:18 61.13 110.21 0.00 53.88 15779
0:00:18 61.57 109.98 0.00 54.04 15822
0:00:18 61.78 109.87 0.00 54.09 15862
0:00:18 62.10 109.69 0.00 54.13 15900
0:00:18 62.30 109.56 0.00 54.18 15933
0:00:18 62.30 109.56 0.00 54.18 15957
0:00:18 62.79 109.26 0.00 54.33 16012
0:00:19 63.01 109.11 0.00 54.39 16047
0:00:19 63.01 109.11 0.00 54.39 16069
0:00:19 62.99 108.96 0.00 54.42 16096
0:00:19 62.96 108.81 0.00 54.43 16127
0:00:19 62.93 108.66 0.00 54.40 16160
0:00:19 62.93 108.66 0.00 54.40 16188
0:00:19 63.20 108.48 0.00 54.41 16209
0:00:19 63.52 108.23 0.00 54.43 16246
0:00:19 63.71 108.07 0.00 54.45 16281
0:00:19 63.93 107.87 0.00 54.46 16311
0:00:19 63.93 107.87 0.00 54.46 16333
0:00:19 64.13 107.66 0.00 54.46 16360
0:00:19 64.36 107.41 0.00 54.49 16399
0:00:19 64.36 107.41 0.00 54.49 16422
0:00:19 64.56 107.16 0.00 54.51 16446
0:00:19 64.56 107.16 0.00 54.51 16472
0:00:19 64.81 106.85 0.00 54.49 16487
0:00:19 64.81 106.85 0.00 54.49 16507
0:00:19 65.02 106.57 0.00 54.46 16532
0:00:19 65.25 106.24 0.00 54.42 16563
0:00:19 65.25 106.24 0.00 54.42 16581
0:00:19 65.41 106.00 0.00 54.39 16607
0:00:19 65.41 106.00 0.00 54.39 16625
0:00:19 65.62 105.66 0.00 54.42 16652
0:00:19 65.62 105.66 0.00 54.42 16670
0:00:19 65.82 105.32 0.00 54.44 16695
0:00:19 66.03 104.96 0.00 54.43 16733
0:00:19 66.20 104.65 0.00 54.41 16764
0:00:19 66.20 104.65 0.00 54.41 16780
0:00:19 66.39 104.30 0.00 54.40 16809
0:00:19 66.58 103.92 0.00 54.40 16838
0:00:19 66.58 103.92 0.00 54.40 16855
0:00:19 66.79 103.49 0.00 54.40 16881
0:00:19 66.79 103.49 0.00 54.40 16897
0:00:19 67.00 103.05 0.00 54.45 16921
0:00:19 67.00 103.05 0.00 54.45 16943
0:00:19 67.16 102.72 0.00 54.47 16961
0:00:19 67.30 102.39 0.00 54.48 16985
0:00:19 67.45 102.04 0.00 54.44 17008
0:00:19 67.45 102.04 0.00 54.44 17021
0:00:20 67.61 101.68 0.00 54.39 17043
0:00:20 67.61 101.68 0.00 54.39 17059
0:00:20 67.75 101.34 0.00 54.32 17076
0:00:20 67.91 100.94 0.00 54.25 17105
0:00:20 67.91 100.94 0.00 54.25 17122
0:00:20 68.05 100.57 0.00 54.26 17145
0:00:20 68.18 100.24 0.00 54.28 17162
0:00:20 68.18 100.24 0.00 54.28 17180
0:00:20 68.33 99.85 0.00 54.28 17201
0:00:20 68.48 99.44 0.00 54.32 17232
0:00:20 68.48 99.44 0.00 54.35 17262
0:00:20 68.81 98.53 0.00 54.40 17291
0:00:20 68.81 98.53 0.00 54.40 17310
0:00:20 68.81 98.53 0.00 54.40 17338
0:00:20 68.98 98.03 0.00 54.47 17370
0:00:20 69.22 97.34 0.00 54.57 17388
0:00:20 69.41 96.78 0.00 54.64 17419
0:00:20 69.41 96.78 0.00 54.64 17438
0:00:20 69.57 96.30 0.00 54.63 17471
0:00:20 69.78 95.67 0.00 54.61 17500
0:00:20 69.94 95.20 0.00 54.58 17528
0:00:20 69.94 95.20 0.00 54.58 17547
0:00:20 70.13 94.60 0.00 54.54 17580
0:00:20 70.28 94.12 0.00 54.53 17620
0:00:20 70.50 93.44 0.00 54.60 17647
0:00:20 70.50 93.44 0.00 54.60 17676
0:00:20 70.72 92.74 0.00 54.68 17695
0:00:20 70.93 92.06 0.00 54.72 17733
0:00:20 71.13 91.38 0.00 54.75 17774
0:00:20 71.13 91.38 0.00 54.75 17802
0:00:20 71.27 90.84 0.00 54.74 17830
0:00:20 71.41 90.22 0.00 54.69 17869
0:00:20 71.56 89.40 0.00 54.66 17905
0:00:20 71.63 88.89 0.00 54.68 17940
0:00:20 71.63 88.89 0.00 54.68 17967
0:00:20 71.69 88.19 0.00 54.75 17998
0:00:20 71.71 87.55 0.00 54.83 18029
0:00:20 71.71 87.55 0.00 54.83 18060
0:00:21 71.67 86.43 0.00 54.75 18098
0:00:21 71.67 86.43 0.00 54.75 18121
0:00:21 71.63 85.84 0.00 54.73 18145
0:00:21 71.63 85.84 0.00 54.73 18162
0:00:21 71.56 85.21 0.00 54.71 18184
0:00:21 71.49 84.73 0.00 54.73 18213
0:00:21 71.38 84.16 0.00 54.75 18259
0:00:21 71.38 84.16 0.00 54.75 18296
0:00:21 71.15 83.19 0.00 54.43 18344
0:00:21 71.01 82.71 0.00 54.14 18375
0:00:21 70.87 82.29 0.00 54.00 18410
0:00:21 70.70 81.80 0.00 53.92 18450
0:00:21 70.51 81.33 0.00 53.82 18489
0:00:21 70.32 80.87 0.00 53.62 18521
0:00:21 70.32 81.41 0.00 53.44 18554
0:00:21 70.12 80.45 0.00 53.44 18574
0:00:21 69.95 80.10 0.00 53.32 18604
0:00:21 69.72 79.68 0.00 53.15 18639
0:00:21 69.47 79.25 0.00 53.01 18677
0:00:21 69.27 78.93 0.00 52.93 18718
0:00:21 68.95 78.48 0.00 52.87 18756
0:00:21 68.75 78.22 0.00 52.82 18785
0:00:21 68.50 77.91 0.00 52.75 18825
0:00:21 68.50 77.91 0.00 52.75 18858
0:00:21 67.91 77.29 0.00 52.55 18890
0:00:21 67.60 77.00 0.00 52.31 18930
0:00:21 67.60 77.00 0.00 52.31 18952
0:00:21 67.28 76.72 0.00 52.09 18984
0:00:21 66.91 76.43 0.00 51.96 19025
0:00:22 66.09 75.85 0.00 51.83 19101
0:00:22 65.71 75.61 0.00 51.87 19145
0:00:22 65.35 75.40 0.00 51.94 19171
0:00:22 65.35 75.40 0.00 51.94 19194
0:00:22 64.94 75.17 0.00 52.01 19222
0:00:22 64.55 74.96 0.00 51.97 19275
0:00:22 64.16 74.77 0.00 51.86 19306
0:00:22 63.75 74.56 0.00 51.78 19344
0:00:22 63.41 74.39 0.00 51.73 19378
0:00:22 63.41 74.39 0.00 51.73 19413
0:00:22 63.05 74.21 0.00 51.71 19438
0:00:22 63.05 74.21 0.00 51.71 19472
0:00:22 62.36 73.86 0.00 51.63 19508
0:00:22 62.36 73.86 0.00 51.63 19529
0:00:22 62.05 73.70 0.00 51.58 19557
0:00:22 62.05 73.70 0.00 51.58 19579
0:00:22 61.74 73.53 0.00 51.51 19610
0:00:22 61.56 73.43 0.00 51.47 19638
0:00:22 61.56 73.43 0.00 51.47 19660
0:00:22 61.30 73.28 0.00 51.44 19690
0:00:22 61.30 73.28 0.00 51.44 19712
0:00:22 61.15 73.19 0.00 51.42 19738
0:00:22 61.00 73.11 0.00 51.41 19767
0:00:22 60.88 73.05 0.00 51.42 19798
0:00:22 60.77 73.00 0.00 51.44 19829
0:00:22 60.66 72.96 0.00 51.44 19851
0:00:22 60.66 72.96 0.00 51.44 19866
0:00:22 60.54 72.92 0.00 51.42 19881
0:00:22 60.54 72.92 0.00 51.42 19904
0:00:22 60.42 72.89 0.00 51.41 19918
0:00:22 60.31 72.88 0.00 51.41 19940
0:00:22 60.31 72.88 0.00 51.41 19957
0:00:22 60.13 72.87 0.00 51.44 20003
0:00:22 59.96 72.89 0.00 51.45 20039
0:00:23 56.76 72.97 0.00 51.43 20084
0:00:23 56.73 73.09 1.00 51.39 20113
0:00:23 50.55 73.33 0.00 51.35 20150
0:00:23 50.48 74.26 1.00 51.34 20198
0:00:23 50.05 74.12 0.00 51.40 20267
0:00:23 49.89 74.34 0.00 51.45 20317
0:00:23 49.51 74.93 0.00 51.48 20370
0:00:23 49.31 75.26 0.00 51.40 20405
0:00:23 13.75 76.08 0.00 51.36 20439
0:00:23 13.75 76.08 0.00 51.36 20479
0:00:23 11.97 78.61 1.00 51.30 20527
0:00:23 11.97 78.61 0.00 51.30 20543
0:00:23 11.72 79.81 0.00 51.31 20591
0:00:23 11.69 80.75 0.00 51.35 20620
0:00:23 11.67 81.76 0.00 51.36 20656
0:00:23 11.67 81.76 0.00 51.36 20678
0:00:23 11.59 82.78 0.00 51.33 20706
0:00:23 11.07 83.78 0.00 51.29 20738
0:00:23 11.07 83.78 0.00 51.29 20773
0:00:23 10.75 84.77 0.00 51.26 20795
0:00:23 10.39 85.87 0.00 51.27 20829
0:00:23 10.03 87.03 0.00 51.28 20859
0:00:23 10.03 87.03 0.00 51.28 20901
0:00:23 9.73 88.01 0.00 51.28 20927
0:00:23 9.39 89.15 0.00 51.27 20953
0:00:23 9.12 90.12 0.00 51.29 20991
0:00:23 8.72 91.53 0.00 51.33 21040
0:00:23 8.72 91.53 0.00 51.33 21056
0:00:23 8.72 91.53 0.00 51.33 21074
0:00:23 8.72 91.53 0.00 51.33 21090
0:00:23 8.72 91.53 0.00 51.33 21113
0:00:24 8.38 93.83 0.00 51.37 21142
0:00:24 8.39 95.11 0.00 51.33 21181
0:00:24 8.11 95.99 0.00 51.28 21207
0:00:24 7.80 96.68 0.00 51.24 21240
0:00:24 7.51 97.33 0.00 51.20 21267
0:00:24 7.19 98.09 0.00 51.17 21296
0:00:24 6.94 98.69 0.00 51.17 21328
0:00:24 6.64 99.45 0.00 51.18 21376
0:00:24 6.24 100.52 0.00 51.22 21413
0:00:24 5.95 101.33 0.00 51.25 21442
0:00:24 5.95 101.33 0.00 51.25 21463
0:00:24 5.60 102.37 0.00 51.23 21491
0:00:24 5.60 102.37 0.00 51.23 21510
0:00:24 5.23 103.51 0.00 51.18 21544
0:00:24 4.93 104.51 0.00 51.15 21575
0:00:24 4.69 105.47 0.00 51.17 21609
0:00:24 4.69 105.47 0.00 51.17 21630
0:00:24 4.66 106.34 0.00 51.22 21657
0:00:24 4.66 106.34 0.00 51.22 21682
0:00:24 4.41 108.27 0.00 51.18 21721
0:00:24 3.96 109.21 0.00 51.17 21768
0:00:24 3.64 109.95 0.00 51.18 21814
0:00:24 3.14 111.23 0.00 51.22 21852
0:00:24 2.84 112.08 0.00 51.24 21892
0:00:24 2.52 113.11 0.00 51.22 21931
0:00:24 2.29 113.92 0.00 51.20 21970
0:00:24 2.29 113.92 0.00 51.20 21996
0:00:24 2.07 114.78 0.00 51.19 22031
0:00:25 1.69 116.51 0.00 51.25 22080
0:00:25 1.55 117.21 0.00 51.29 22115
0:00:25 1.55 117.21 0.00 51.29 22139
0:00:25 1.51 118.29 0.00 51.34 22163
0:00:25 1.59 119.40 0.00 51.29 22205
0:00:25 1.34 120.28 0.00 51.20 22242
0:00:25 1.34 120.28 0.00 51.20 22281
0:00:25 1.05 122.08 0.00 51.12 22319
0:00:25 0.86 122.09 0.00 51.12 22339
0:00:25 0.64 123.23 0.00 51.13 22374
0:00:25 0.64 123.23 0.00 51.13 22399
0:00:25 0.41 125.07 0.00 51.21 22454
0:00:25 0.41 125.07 0.00 51.21 22480
0:00:25 0.31 126.24 0.00 51.18 22508
0:00:25 0.24 127.12 0.00 51.16 22546
0:00:25 0.24 127.12 0.00 51.16 22566
0:00:25 0.20 128.02 0.00 51.15 22591
0:00:25 0.16 128.92 0.00 51.17 22629
0:00:25 0.16 128.92 0.00 51.17 22656
0:00:25 0.13 129.65 0.00 51.21 22677
0:00:25 0.11 130.37 0.00 51.24 22706
0:00:25 0.09 131.15 0.00 51.27 22732
0:00:25 0.07 132.03 0.00 51.27 22755
0:00:25 0.07 132.03 0.00 51.27 22768
0:00:25 0.06 132.70 0.00 51.22 22790
0:00:25 0.05 133.36 0.00 51.16 22817
0:00:25 0.05 133.36 0.00 51.16 22831
0:00:25 0.04 133.96 0.00 51.11 22851
0:00:25 0.04 134.64 0.00 51.07 22876
0:00:25 0.03 135.22 0.00 51.05 22898
0:00:25 0.03 135.22 0.00 51.05 22916
0:00:25 0.03 136.03 0.00 51.07 22947
0:00:25 0.22 136.82 0.00 51.12 22978
0:00:25 0.22 136.82 0.00 51.12 23000
0:00:25 0.22 137.69 0.00 51.14 23027
0:00:26 0.10 138.69 0.00 51.03 23061
0:00:26 0.10 138.69 0.00 51.03 23091
0:00:26 0.09 139.54 0.00 50.87 23111
0:00:26 0.08 140.43 0.00 50.77 23143
0:00:26 0.08 140.43 0.00 50.77 23167
0:00:26 0.18 141.40 0.00 50.69 23190
0:00:26 0.07 142.38 0.00 50.67 23225
0:00:26 0.07 142.38 0.00 50.67 23249
0:00:26 0.16 143.31 0.00 50.70 23278
0:00:26 0.04 144.39 0.00 50.66 23315
0:00:26 0.03 145.12 0.00 50.58 23369
0:00:26 0.02 145.95 0.00 50.53 23400
0:00:26 0.12 146.85 0.00 50.44 23451
0:00:26 0.02 147.76 0.00 50.36 23471
0:00:26 0.02 147.76 0.00 50.36 23491
0:00:26 0.04 148.95 0.00 50.27 23528
0:00:26 0.03 149.83 0.00 50.20 23562
0:00:26 0.02 150.59 0.00 50.16 23595
0:00:26 0.02 150.59 0.00 50.16 23614
0:00:26 0.11 151.53 0.00 50.15 23646
0:00:26 0.11 152.40 0.00 50.14 23673
0:00:26 0.11 152.40 0.00 50.14 23694
0:00:26 0.05 153.45 0.00 50.14 23726
0:00:26 0.05 154.28 0.00 50.13 23756
0:00:26 0.05 154.28 0.00 50.13 23776
0:00:26 0.05 155.03 0.00 50.12 23801
0:00:26 0.05 155.03 0.00 50.12 23821
0:00:26 0.07 156.07 0.00 50.11 23858
0:00:26 0.09 156.84 0.00 50.10 23900
0:00:26 0.10 157.66 0.00 50.10 23934
0:00:26 0.07 159.84 0.00 50.13 24009
0:00:26 0.07 159.84 0.00 50.13 24030
0:00:27 0.17 160.78 0.00 50.10 24053
0:00:27 0.21 161.49 0.00 50.08 24077
0:00:27 0.21 161.49 0.00 50.08 24096
0:00:27 0.23 162.12 0.00 50.07 24118
0:00:27 0.25 162.86 0.00 50.09 24144
0:00:27 0.25 162.86 0.00 50.09 24161
0:00:27 0.25 163.76 0.00 50.11 24193
0:00:27 0.25 163.76 0.00 50.11 24211
0:00:27 0.25 164.62 0.00 50.12 24238
0:00:27 0.25 165.59 0.00 50.08 24270
0:00:27 0.25 165.59 0.00 50.08 24286
0:00:27 0.24 166.57 0.00 50.03 24312
0:00:27 0.24 166.57 0.00 50.03 24328
0:00:27 0.23 167.48 0.00 50.01 24359
0:00:27 0.23 167.48 0.00 50.01 24374
0:00:27 0.21 168.32 0.00 50.00 24399
0:00:27 0.21 168.32 0.00 50.00 24430
0:00:27 0.19 169.24 0.00 50.01 24451
0:00:27 0.18 170.04 0.00 50.03 24478
0:00:27 0.18 170.04 0.00 50.03 24506
0:00:27 0.17 171.07 0.00 50.03 24527
0:00:27 0.15 172.02 0.00 49.97 24560
0:00:27 0.15 172.02 0.00 49.97 24586
0:00:27 0.15 172.91 0.00 49.91 24611
0:00:27 0.14 173.79 0.00 49.88 24641
0:00:27 0.14 173.79 0.00 49.88 24661
0:00:27 0.13 174.84 0.00 49.89 24690
0:00:27 0.13 174.84 0.00 49.89 24711
0:00:27 0.12 175.77 0.00 49.92 24735
0:00:27 0.12 176.65 0.00 49.96 24769
0:00:27 0.12 176.65 0.00 49.96 24790
0:00:27 0.17 177.57 0.00 49.96 24818
0:00:27 0.17 177.57 0.00 49.96 24843
0:00:27 0.20 178.38 0.00 49.96 24865
0:00:27 0.21 179.11 0.00 49.97 24891
0:00:27 0.17 180.10 0.00 49.98 24920
0:00:27 0.17 180.10 0.00 49.98 24939
0:00:27 0.17 180.94 0.00 49.98 24962
0:00:27 0.17 180.94 0.00 49.98 24982
0:00:27 0.17 180.94 0.00 49.98 25001
0:00:27 0.16 181.75 0.00 50.00 25015
0:00:28 0.14 182.82 0.00 50.01 25044
0:00:28 0.14 183.50 0.00 49.98 25085
0:00:28 0.14 184.49 0.00 49.93 25129
0:00:28 0.13 184.49 0.00 49.93 25152
0:00:28 0.13 185.76 0.00 49.92 25178
0:00:28 0.13 185.76 0.00 49.92 25198
0:00:28 0.12 186.75 0.00 49.96 25238
0:00:28 0.12 187.52 0.00 50.00 25278
0:00:28 0.12 188.39 0.00 50.00 25316
0:00:28 0.12 189.23 0.00 49.96 25340
0:00:28 0.12 189.23 0.00 49.96 25355
0:00:28 0.12 190.01 0.00 49.92 25376
0:00:28 0.12 190.82 0.00 49.90 25402
0:00:28 0.13 190.81 0.00 49.90 25418
0:00:28 0.14 191.55 0.00 49.90 25439
0:00:28 0.14 191.55 0.00 49.90 25457
0:00:28 0.39 192.21 0.00 49.93 25473
0:00:28 0.50 192.96 0.00 49.94 25519
0:00:28 0.65 193.76 0.00 49.93 25547
0:00:28 0.84 194.64 0.00 49.93 25578
0:00:28 0.84 194.64 0.00 49.93 25592
0:00:28 0.84 194.64 0.00 49.93 25622
0:00:28 0.44 195.48 0.00 49.95 25649
0:00:28 0.18 196.20 0.00 49.98 25663
0:00:28 0.18 196.20 0.00 49.98 25688
0:00:28 0.06 197.17 0.00 49.96 25703
0:00:28 0.06 197.96 0.00 49.91 25737
0:00:28 0.23 198.77 0.00 49.89 25770
0:00:28 0.23 198.77 0.00 49.89 25791
0:00:28 0.25 199.61 0.00 49.90 25819
0:00:28 0.25 199.61 0.00 49.90 25847
0:00:28 0.41 200.67 0.00 49.93 25878
0:00:28 0.45 201.43 0.00 49.94 25897
0:00:28 0.44 202.30 0.00 49.92 25930
0:00:28 0.46 203.06 0.00 49.90 25968
0:00:28 0.49 203.87 0.00 49.91 26001
0:00:29 0.42 204.89 0.00 49.95 26051
0:00:29 0.42 204.89 0.00 49.95 26081
0:00:29 0.56 205.80 0.00 49.98 26102
0:00:29 0.58 206.77 0.00 49.91 26133
0:00:29 0.57 207.73 0.00 49.80 26174
0:00:29 0.65 209.24 0.00 49.67 26231
0:00:29 0.76 209.24 0.00 49.67 26246
0:00:29 0.76 209.24 0.00 49.67 26264
0:00:29 0.82 210.31 0.00 49.64 26290
0:00:29 0.82 210.31 0.00 49.64 26309
0:00:29 0.82 210.31 0.00 49.64 26339
0:00:29 0.89 212.06 0.00 49.78 26383
0:00:29 1.10 213.81 0.00 49.76 26450
0:00:29 1.14 214.59 0.00 49.63 26485
0:00:29 1.14 214.59 0.00 49.63 26510
0:00:29 0.59 215.47 0.00 49.60 26535
0:00:29 0.59 215.47 0.00 49.60 26562
0:00:29 0.21 216.50 0.00 49.59 26585
0:00:29 0.04 217.48 0.00 49.65 26615
0:00:29 0.07 218.40 0.00 49.74 26646
0:00:29 0.07 218.40 0.00 49.74 26667
0:00:29 0.09 219.19 0.00 49.77 26686
0:00:29 0.09 219.19 0.00 49.77 26704
0:00:29 0.09 219.91 0.00 49.76 26724
0:00:29 0.24 220.62 0.00 49.77 26750
0:00:29 0.24 220.62 0.00 49.77 26769
0:00:29 0.25 221.29 0.00 49.78 26784
0:00:29 0.25 221.29 0.00 49.78 26801
0:00:29 0.24 222.04 0.00 49.82 26829
0:00:29 0.24 222.76 0.00 49.87 26851
0:00:29 0.24 223.53 0.00 49.86 26884
0:00:29 0.24 223.53 0.00 49.86 26905
0:00:29 0.25 224.44 0.00 49.81 26937
0:00:29 0.25 224.44 0.00 49.81 26959
0:00:29 0.25 225.15 0.00 49.78 26977
0:00:29 0.36 226.15 0.00 49.77 27009
0:00:29 0.43 226.76 0.00 49.79 27037
0:00:29 0.52 227.68 0.00 49.86 27069
0:00:30 0.52 227.68 0.00 49.86 27089
0:00:30 0.52 228.60 0.00 49.89 27118
0:00:30 0.52 228.60 0.00 49.89 27136
0:00:30 0.51 229.51 0.00 49.88 27165
0:00:30 0.54 230.31 0.00 49.92 27197
0:00:30 0.66 231.00 0.00 49.98 27223
0:00:30 0.73 231.89 0.00 50.09 27259
0:00:30 0.73 231.89 0.00 50.09 27278
0:00:30 0.66 232.85 0.00 50.24 27311
0:00:30 0.66 232.85 0.00 50.24 27329
0:00:30 0.76 234.01 0.00 50.47 27359
0:00:30 0.76 234.01 0.00 50.47 27386
0:00:30 0.88 234.84 0.00 50.65 27406
0:00:30 0.95 235.68 0.00 50.84 27433
0:00:30 0.95 235.68 0.00 50.84 27460
0:00:30 0.96 236.57 0.00 51.04 27484
0:00:30 0.94 237.59 0.00 51.28 27511
0:00:30 0.94 237.59 0.00 51.28 27525
0:00:30 0.94 238.52 0.00 51.51 27553
0:00:30 0.94 238.52 0.00 51.51 27570
0:00:30 0.94 238.52 0.00 51.51 27603
0:00:30 1.01 239.63 0.00 51.77 27623
0:00:30 1.10 240.46 0.00 51.98 27652
0:00:30 1.15 241.41 0.00 52.21 27682
0:00:30 1.15 241.41 0.00 52.21 27702
0:00:30 1.22 242.20 0.00 52.39 27727
0:00:30 1.23 243.22 0.00 52.60 27764
0:00:30 1.41 244.10 0.00 52.74 27808
0:00:30 1.41 245.03 0.00 52.91 27843
0:00:30 1.46 245.98 0.00 53.09 27877
0:00:30 1.46 245.98 0.00 53.09 27897
0:00:30 1.70 247.12 0.00 53.34 27929
0:00:30 1.78 248.09 0.00 53.51 27970
0:00:30 1.82 249.02 0.00 53.65 28002
0:00:31 1.87 249.79 0.00 53.78 28039
0:00:31 1.87 249.79 0.00 53.78 28055
0:00:31 1.89 250.92 0.00 53.99 28083
0:00:31 1.89 251.88 0.00 54.13 28122
0:00:31 1.89 251.88 0.00 54.13 28159
0:00:31 1.90 253.07 0.00 54.27 28181
0:00:31 1.95 253.97 0.00 54.37 28216
0:00:31 2.02 254.78 0.00 54.43 28251
0:00:31 2.08 255.83 0.00 54.55 28288
0:00:31 2.10 256.77 0.00 54.68 28328
0:00:31 2.10 256.77 0.00 54.68 28349
0:00:31 2.15 258.35 0.00 54.96 28391
0:00:31 2.18 259.29 0.00 55.10 28437
0:00:31 2.28 260.31 0.00 55.22 28460
0:00:31 2.28 260.31 0.00 55.22 28485
0:00:31 2.32 261.24 0.00 55.33 28510
0:00:31 2.37 262.10 0.00 55.40 28545
0:00:31 2.39 263.04 0.00 55.46 28589
0:00:31 2.47 263.87 0.00 55.53 28618
0:00:31 2.50 265.08 0.00 55.66 28657
0:00:31 2.56 265.97 0.00 55.74 28701
0:00:31 2.58 267.21 0.00 55.84 28751
0:00:31 2.64 268.07 0.00 55.87 28794
0:00:31 2.66 269.06 0.00 55.90 28827
0:00:31 2.68 270.05 0.00 55.96 28866
0:00:31 2.71 271.01 0.00 56.04 28898
0:00:31 2.71 271.01 0.00 56.04 28920
0:00:31 2.78 272.08 0.00 56.16 28951
0:00:31 2.79 273.07 0.00 56.26 28985
0:00:31 2.79 273.07 0.00 56.26 29006
0:00:31 2.86 274.38 0.00 56.37 29034
0:00:32 2.93 275.42 0.00 56.46 29075
0:00:32 2.96 276.32 0.00 56.48 29118
0:00:32 2.99 276.97 0.00 56.50 29149
0:00:32 2.99 276.97 0.00 56.50 29169
0:00:32 3.01 278.19 0.00 56.50 29201
0:00:32 3.01 278.19 0.00 56.50 29237
0:00:32 3.07 280.53 0.00 56.61 29283
0:00:32 3.12 281.40 0.00 56.68 29318
0:00:32 3.13 282.40 0.00 56.73 29349
0:00:32 3.19 283.45 0.00 56.76 29386
0:00:32 3.24 284.29 0.00 56.72 29415
0:00:32 3.26 284.99 0.00 56.68 29438
0:00:32 3.26 284.99 0.00 56.68 29451
0:00:32 3.26 285.72 0.00 56.63 29478
0:00:32 3.33 286.49 0.00 56.60 29503
0:00:32 3.35 287.19 0.00 56.59 29528
0:00:32 3.35 287.19 0.00 56.59 29542
0:00:32 3.40 288.00 0.00 56.62 29566
0:00:32 3.40 288.00 0.00 56.62 29584
0:00:32 3.44 289.60 0.00 56.77 29623
0:00:32 3.46 290.32 0.00 56.85 29650
0:00:32 3.54 291.09 0.00 56.86 29699
0:00:32 3.60 291.95 0.00 56.83 29731
0:00:32 3.65 292.82 0.00 56.83 29763
0:00:32 3.67 293.83 0.00 56.80 29797
0:00:32 3.67 293.83 0.00 56.80 29816
0:00:32 3.78 294.89 0.00 56.78 29845
0:00:32 3.85 296.09 0.00 56.80 29881
0:00:32 3.94 296.67 0.00 56.84 29923
0:00:32 4.04 297.47 0.00 56.91 29945
0:00:32 4.16 298.50 0.00 56.92 29982
0:00:32 4.23 299.36 0.00 56.88 30009
0:00:32 4.23 299.36 0.00 56.88 30022
0:00:33 4.27 300.34 0.00 56.85 30052
0:00:33 4.27 300.34 0.00 56.85 30069
0:00:33 4.40 301.38 0.00 56.84 30092
0:00:33 4.40 301.38 0.00 56.84 30112
0:00:33 4.45 302.32 0.00 56.87 30147
0:00:33 4.53 303.22 0.00 56.91 30182
0:00:33 4.63 304.33 0.00 56.93 30219
0:00:33 4.71 305.50 0.00 56.89 30264
0:00:33 4.78 306.15 0.00 56.87 30305
0:00:33 4.78 306.15 0.00 56.87 30337
0:00:33 5.02 308.40 0.00 56.91 30377
0:00:33 5.02 308.40 0.00 56.91 30408
0:00:33 5.15 309.26 0.00 56.96 30428
0:00:33 5.29 310.10 0.00 57.00 30455
0:00:33 5.46 311.16 0.00 57.02 30492
0:00:33 5.46 311.16 0.00 57.02 30522
0:00:33 5.64 312.29 0.00 57.01 30541
0:00:33 5.81 313.16 0.00 56.97 30594
0:00:33 5.96 314.10 0.00 56.94 30609
0:00:33 6.13 315.08 0.00 56.95 30639
0:00:33 6.13 315.08 0.00 56.95 30660
0:00:33 6.33 316.03 0.00 56.99 30687
0:00:33 6.56 316.92 0.00 57.01 30732
0:00:33 6.87 317.96 0.00 57.01 30768
0:00:33 7.12 318.81 0.00 57.02 30798
0:00:33 7.42 319.84 0.00 57.04 30831
0:00:33 7.67 320.72 0.00 57.04 30863
0:00:33 7.93 321.63 0.00 57.02 30892
0:00:33 8.12 322.30 0.00 57.02 30919
0:00:33 8.32 323.01 0.00 57.03 30950
0:00:33 8.52 323.72 0.00 57.04 30975
0:00:33 8.52 323.72 0.00 57.04 30988
0:00:33 8.52 323.72 0.00 57.04 31022
0:00:33 8.91 325.03 0.00 57.05 31044
0:00:34 9.23 326.16 0.00 57.02 31083
0:00:34 9.23 326.16 0.00 57.02 31102
0:00:34 9.55 327.31 0.00 57.00 31132
0:00:34 9.55 327.31 0.00 57.00 31167
0:00:34 10.04 329.12 0.00 57.04 31208
0:00:34 10.33 330.19 0.00 57.08 31251
0:00:34 10.60 331.22 0.00 57.06 31286
0:00:34 10.82 332.08 0.00 57.01 31321
0:00:34 11.06 333.00 0.00 56.95 31361
0:00:34 11.06 333.00 0.00 56.95 31381
0:00:34 11.57 335.01 0.00 56.91 31455
0:00:34 11.66 336.09 0.00 56.94 31489
0:00:34 11.55 337.14 0.00 57.02 31531
0:00:34 11.44 338.11 0.00 57.08 31581
0:00:34 11.40 338.99 0.00 57.10 31619
0:00:34 11.46 339.98 0.00 57.08 31651
0:00:34 11.47 341.10 0.00 57.07 31693
0:00:34 11.48 342.01 0.00 57.08 31736
0:00:34 11.59 342.82 0.00 57.09 31774
0:00:34 11.64 343.75 0.00 57.10 31816
0:00:34 11.75 344.84 0.00 57.01 31863
0:00:34 11.75 344.84 0.00 57.01 31888
0:00:34 12.04 346.53 0.00 56.46 31928
0:00:34 12.04 346.53 0.00 56.46 31948
0:00:34 12.30 347.72 0.00 55.79 31990
0:00:34 12.30 347.72 0.00 55.79 32009
0:00:34 12.50 348.72 0.00 55.20 32036
0:00:35 12.79 349.86 0.00 54.82 32069
0:00:35 12.79 349.86 0.00 54.82 32088
0:00:35 13.01 350.81 0.00 54.65 32121
0:00:35 13.01 350.81 0.00 54.65 32141
0:00:35 13.20 351.81 0.00 54.32 32171
0:00:35 13.50 352.90 0.00 53.94 32210
0:00:35 13.50 352.90 0.00 53.94 32230
0:00:35 13.68 353.87 0.00 53.71 32265
0:00:35 13.68 354.54 0.00 53.52 32296
0:00:35 13.64 355.37 0.00 53.38 32331
0:00:35 13.64 355.37 0.00 53.38 32362
0:00:35 13.74 356.26 0.00 53.27 32375
0:00:35 14.81 356.94 0.00 53.18 32398
0:00:35 14.81 356.94 0.00 53.18 32412
0:00:35 15.47 357.52 0.00 53.15 32441
0:00:35 16.00 358.09 0.00 53.10 32467
0:00:35 16.46 358.66 0.00 53.02 32495
0:00:35 16.90 359.38 0.00 52.99 32525
0:00:35 16.90 359.38 0.00 52.99 32553
0:00:35 17.18 360.01 0.00 52.93 32573
0:00:35 17.43 360.68 0.00 52.83 32606
0:00:35 17.63 361.49 0.00 52.76 32639
0:00:35 17.63 361.49 0.00 52.76 32659
0:00:35 17.96 362.26 0.00 52.65 32688
0:00:35 18.16 363.00 0.00 52.53 32724
0:00:35 18.35 363.62 0.00 52.48 32761
0:00:35 18.55 364.33 0.00 52.43 32794
0:00:35 18.73 365.08 0.00 52.39 32837
0:00:35 18.86 365.77 0.00 52.34 32887
0:00:35 19.18 366.48 0.00 52.28 32922
0:00:35 19.38 367.12 0.00 52.21 32956
0:00:35 19.51 367.91 0.00 52.16 32990
0:00:35 19.51 367.91 0.00 52.16 33021
0:00:36 19.80 368.68 0.00 52.15 33058
0:00:36 19.99 369.38 0.00 52.16 33095
0:00:36 20.24 370.27 0.00 52.03 33136
0:00:36 20.39 370.85 0.00 51.92 33169
0:00:36 20.39 370.85 0.00 51.92 33191
0:00:36 20.65 371.52 0.00 51.84 33228
0:00:36 20.65 371.52 0.00 51.84 33254
0:00:36 20.76 372.33 0.00 51.78 33274
0:00:36 21.02 373.11 0.00 51.81 33311
0:00:36 21.02 373.11 0.00 51.81 33335
0:00:36 21.17 373.85 0.00 51.92 33366
0:00:36 21.32 374.48 0.00 51.95 33408
0:00:36 21.48 375.10 0.00 51.83 33434
0:00:36 21.48 375.10 0.00 51.83 33457
0:00:36 21.75 375.76 0.00 51.70 33488
0:00:36 21.96 376.40 0.00 51.64 33530
0:00:36 22.18 377.03 0.00 51.62 33570
0:00:36 22.36 377.70 0.00 51.64 33606
0:00:36 22.57 378.30 0.00 51.66 33640
0:00:36 22.57 378.30 0.00 51.66 33653
0:00:36 22.73 378.81 0.00 51.65 33675
0:00:36 22.73 378.81 0.00 51.65 33688
0:00:36 22.87 379.29 0.00 51.63 33707
0:00:36 22.87 379.29 0.00 51.63 33723
0:00:36 23.02 379.76 0.00 51.61 33753
0:00:36 23.17 380.25 0.00 51.58 33779
0:00:36 23.17 380.25 0.00 51.58 33798
0:00:36 23.38 380.98 0.00 51.55 33827
0:00:36 23.38 380.98 0.00 51.55 33846
0:00:36 23.54 381.57 0.00 51.52 33875
0:00:36 23.54 381.57 0.00 51.52 33896
0:00:36 23.68 382.12 0.00 51.50 33925
0:00:36 23.87 382.80 0.00 51.52 33956
0:00:36 23.87 382.80 0.00 51.52 33974
0:00:36 24.00 383.34 0.00 51.57 34002
0:00:36 24.00 383.34 0.00 51.57 34022
0:00:37 24.15 383.93 0.00 51.60 34049
0:00:37 24.15 383.93 0.00 51.60 34066
0:00:37 24.34 384.49 0.00 51.55 34092
0:00:37 24.34 384.49 0.00 51.55 34116
0:00:37 24.51 385.08 0.00 51.46 34140
0:00:37 24.51 385.08 0.00 51.40 34165
0:00:37 24.70 385.70 0.00 51.40 34187
0:00:37 24.84 386.19 0.00 51.39 34216
0:00:37 24.84 386.19 0.00 51.39 34246
0:00:37 24.99 386.71 0.00 51.41 34265
0:00:37 24.99 386.71 0.00 51.41 34288
0:00:37 25.19 387.34 0.00 51.47 34317
0:00:37 25.34 387.84 0.00 51.45 34353
0:00:37 25.51 388.43 0.00 51.39 34398
0:00:37 25.66 388.93 0.00 51.36 34439
0:00:37 25.66 388.93 0.00 51.36 34472
0:00:37 25.84 389.53 0.00 51.38 34503
0:00:37 25.99 390.03 0.00 51.44 34536
0:00:37 26.16 390.58 0.00 51.40 34581
0:00:37 26.32 391.14 0.00 51.29 34632
0:00:37 26.45 391.59 0.00 51.25 34670
0:00:37 26.45 391.59 0.00 51.25 34698
0:00:37 26.64 392.21 0.00 51.24 34727
0:00:37 26.80 392.74 0.00 51.30 34767
0:00:37 26.96 393.30 0.00 51.32 34815
0:00:37 27.09 393.70 0.00 51.32 34845
0:00:37 27.25 394.21 0.00 51.33 34890
0:00:37 27.38 394.63 0.00 51.34 34923
0:00:37 27.38 394.63 0.00 51.34 34938
0:00:37 27.47 394.96 0.00 51.34 34958
0:00:37 27.58 395.31 0.00 51.35 34980
0:00:37 27.58 395.31 0.00 51.35 34993
0:00:37 27.68 395.64 0.00 51.35 35017
0:00:37 27.68 395.64 0.00 51.35 35034
0:00:38 27.82 396.07 0.00 51.36 35067
0:00:38 27.96 396.53 0.00 51.37 35104
0:00:38 28.09 396.94 0.00 51.37 35146
0:00:38 28.09 396.94 0.00 51.37 35174
0:00:38 28.23 397.40 0.00 51.36 35196
0:00:38 28.39 397.93 0.00 51.37 35229
0:00:38 28.39 397.93 0.00 51.37 35251
0:00:38 28.38 398.33 0.00 51.41 35280
0:00:38 28.38 398.33 0.00 51.41 35303
0:00:38 28.34 398.89 0.00 51.45 35340
0:00:38 28.62 399.29 0.00 51.43 35377
0:00:38 29.08 399.73 0.00 51.39 35424
0:00:38 29.39 400.08 0.00 51.36 35455
0:00:38 29.39 400.08 0.00 51.36 35481
0:00:38 29.70 400.51 0.00 51.36 35497
0:00:38 29.70 400.51 0.00 51.36 35516
0:00:38 30.02 401.05 0.00 51.41 35546
0:00:38 30.02 401.05 0.00 51.41 35577
0:00:38 30.27 401.56 0.00 51.35 35596
0:00:38 30.45 401.99 0.00 51.24 35634
0:00:38 30.45 401.99 0.00 51.24 35652
0:00:38 30.61 402.36 0.00 51.19 35684
0:00:38 30.76 402.75 0.00 51.18 35721
0:00:38 30.76 402.75 0.00 51.18 35743
0:00:38 30.93 403.19 0.00 51.21 35775
0:00:38 30.93 403.19 0.00 51.21 35811
0:00:38 31.20 403.95 0.00 51.26 35853
0:00:38 31.32 404.28 0.00 51.25 35895
0:00:38 31.45 404.65 0.00 51.21 35936
0:00:38 31.45 404.65 0.00 51.21 35956
0:00:38 31.60 405.09 0.00 51.18 36007
0:00:39 31.86 405.82 0.00 51.21 36072
0:00:39 31.99 406.17 0.00 51.29 36113
0:00:39 32.14 406.60 0.00 51.27 36159
0:00:39 32.14 406.60 0.00 51.27 36186
0:00:39 32.27 406.98 0.00 51.19 36203
0:00:39 32.39 407.32 0.00 51.16 36233
0:00:39 32.39 407.32 0.00 51.16 36250
0:00:39 32.50 407.63 0.00 51.15 36277
0:00:39 32.61 407.92 0.00 51.17 36301
0:00:39 32.70 408.19 0.00 51.22 36327
0:00:39 32.70 408.19 0.00 51.22 36347
0:00:39 32.79 408.44 0.00 51.30 36373
0:00:39 32.79 408.44 0.00 51.30 36410
0:00:39 32.93 408.82 0.00 51.48 36430
0:00:39 33.03 409.11 0.00 51.61 36456
0:00:39 33.03 409.11 0.00 51.61 36475
0:00:39 33.14 409.43 0.00 51.73 36499
0:00:39 33.26 409.79 0.00 51.84 36535
0:00:39 33.37 410.11 0.00 51.90 36570
0:00:39 33.51 410.50 0.00 51.99 36617
0:00:39 33.51 410.50 0.00 51.99 36636
0:00:39 33.65 410.93 0.00 52.14 36663
0:00:39 33.65 410.93 0.00 52.14 36685
0:00:39 33.76 411.26 0.00 52.30 36715
0:00:39 33.90 411.66 0.00 52.46 36759
0:00:39 33.90 411.66 0.00 52.46 36793
0:00:39 34.00 411.98 0.00 52.53 36814
0:00:39 34.14 412.42 0.00 52.64 36850
0:00:39 34.14 412.42 0.00 52.64 36871
0:00:39 34.27 412.81 0.00 52.68 36906
0:00:39 34.38 413.14 0.00 52.65 36949
0:00:39 34.49 413.48 0.00 52.61 36983
0:00:39 34.61 413.88 0.00 52.60 37019
0:00:39 34.71 414.18 0.00 52.65 37064
0:00:40 34.81 414.51 0.00 52.76 37120
0:00:40 34.94 414.91 0.00 52.94 37169
0:00:40 35.04 415.23 0.00 53.07 37196
0:00:40 35.13 415.53 0.00 53.13 37228
0:00:40 35.13 415.53 0.00 53.13 37264
0:00:40 35.25 415.92 0.00 53.19 37284
0:00:40 35.35 416.22 0.00 53.24 37318
0:00:40 35.44 416.51 0.00 53.30 37353
0:00:40 35.54 416.83 0.00 53.39 37395
0:00:40 35.65 417.19 0.00 53.48 37439
0:00:40 35.77 417.56 0.00 53.53 37482
0:00:40 35.88 417.92 0.00 53.56 37519
0:00:40 35.88 417.92 0.00 53.56 37549
0:00:40 35.98 418.25 0.00 53.62 37580
0:00:40 36.10 418.62 0.00 53.71 37617
0:00:40 36.10 418.62 0.00 53.71 37637
0:00:40 36.24 419.10 0.00 53.82 37668
0:00:40 36.33 419.40 0.00 53.87 37720
0:00:40 36.44 419.76 0.00 53.91 37760
0:00:40 36.52 420.03 0.00 53.97 37790
0:00:40 36.52 420.03 0.00 53.97 37810
0:00:40 36.62 420.37 0.00 54.03 37841
0:00:40 36.62 420.37 0.00 54.03 37876
0:00:40 36.72 420.71 0.00 54.10 37908
0:00:40 36.81 421.00 0.00 54.14 37929
0:00:40 36.91 421.33 0.00 54.14 37968
0:00:40 36.91 421.33 0.00 54.14 37997
0:00:40 37.01 421.67 0.00 54.11 38018
0:00:41 37.11 422.03 0.00 54.10 38066
0:00:41 37.21 422.38 0.00 54.13 38104
0:00:41 37.30 422.68 0.00 54.21 38152
0:00:41 37.30 422.68 0.00 54.21 38179
0:00:41 37.41 423.06 0.00 54.26 38199
0:00:41 37.50 423.36 0.00 54.20 38229
0:00:41 37.50 423.36 0.00 54.20 38262
0:00:41 37.60 423.70 0.00 54.08 38282
0:00:41 37.68 423.99 0.00 54.03 38312
0:00:41 37.68 423.99 0.00 54.03 38349
0:00:41 37.87 424.64 0.00 54.08 38393
0:00:41 37.87 424.64 0.00 54.08 38413
0:00:41 37.97 424.98 0.00 54.21 38455
0:00:41 37.97 424.98 0.00 54.21 38474
0:00:41 38.09 425.41 0.00 54.39 38508
0:00:41 38.09 425.41 0.00 54.39 38542
0:00:41 38.18 425.71 0.00 54.47 38571
0:00:41 38.29 426.10 0.00 54.34 38623
0:00:41 38.36 426.36 0.00 54.13 38656
0:00:41 38.46 426.69 0.00 53.92 38705
0:00:41 38.57 427.06 0.00 53.87 38733
0:00:41 38.57 427.06 0.00 53.87 38752
0:00:41 38.66 427.36 0.00 53.88 38785
0:00:41 38.66 427.36 0.00 53.88 38810
0:00:41 38.80 427.74 0.00 54.00 38850
0:00:41 38.90 428.04 0.00 54.12 38883
0:00:41 38.90 428.04 0.00 54.12 38903
0:00:41 39.03 428.36 0.00 54.24 38924
0:00:41 39.03 428.36 0.00 54.24 38942
0:00:41 39.13 428.60 0.00 54.37 38964
0:00:41 39.24 428.82 0.00 54.46 38987
0:00:41 39.24 428.82 0.00 54.46 39000
0:00:41 39.26 429.04 0.00 54.53 39017
0:00:41 39.26 429.04 0.00 54.53 39036
0:00:42 39.22 429.27 0.00 54.62 39056
0:00:42 39.18 429.48 0.00 54.66 39083
0:00:42 39.18 429.48 0.00 54.66 39100
0:00:42 39.27 429.75 0.00 54.68 39123
0:00:42 39.27 429.75 0.00 54.68 39143
0:00:42 39.65 430.05 0.00 54.71 39171
0:00:42 39.95 430.32 0.00 54.68 39203
0:00:42 39.95 430.32 0.00 54.68 39223
0:00:42 40.25 430.60 0.00 54.62 39246
0:00:42 40.25 430.60 0.00 54.62 39266
0:00:42 40.50 430.86 0.00 54.58 39292
0:00:42 40.50 430.86 0.00 54.58 39316
0:00:42 40.74 431.10 0.00 54.58 39345
0:00:42 40.98 431.35 0.00 54.61 39373
0:00:42 41.18 431.56 0.00 54.61 39411
0:00:42 41.37 431.76 0.00 54.61 39445
0:00:42 41.57 431.96 0.00 54.62 39475
0:00:42 41.57 431.96 0.00 54.62 39495
0:00:42 41.78 432.18 0.00 54.63 39521
0:00:42 41.99 432.38 0.00 54.62 39551
0:00:42 41.99 432.38 0.00 54.62 39583
0:00:42 42.25 432.62 0.00 54.60 39604
0:00:42 42.48 432.84 0.00 54.61 39633
0:00:42 42.48 432.84 0.00 54.61 39656
0:00:42 42.73 433.05 0.00 54.64 39680
0:00:42 42.73 433.05 0.00 54.64 39704
0:00:42 43.05 433.31 0.00 54.59 39737
0:00:42 43.05 433.31 0.00 54.59 39768
0:00:42 43.67 433.77 0.00 54.44 39807
0:00:42 43.67 433.77 0.00 54.44 39828
0:00:42 43.99 433.99 0.00 54.43 39859
0:00:42 44.21 434.13 0.00 54.45 39886
0:00:42 44.21 434.13 0.00 54.45 39906
0:00:42 44.21 434.13 0.00 54.45 39929
0:00:42 44.58 434.36 0.00 54.52 39949
0:00:42 44.95 434.58 0.00 54.51 39978
0:00:42 44.95 434.58 0.00 54.51 39997
0:00:42 45.29 434.78 0.00 54.44 40034
0:00:43 45.61 434.95 0.00 54.42 40080
0:00:43 45.61 434.95 0.00 54.42 40102
0:00:43 45.61 434.95 0.00 54.42 40130
0:00:43 45.61 434.95 0.00 54.42 40150
0:00:43 46.04 435.30 0.00 54.50 40175
0:00:43 45.97 435.48 0.00 54.50 40212
0:00:43 45.97 435.48 0.00 54.50 40233
0:00:43 46.01 435.66 0.00 54.46 40262
0:00:43 46.45 435.85 0.00 54.47 40292
0:00:43 46.45 435.85 0.00 54.47 40312
0:00:43 46.76 435.99 0.00 54.50 40347
0:00:43 46.76 435.99 0.00 54.50 40366
0:00:43 47.07 436.14 0.00 54.53 40396
0:00:43 47.33 436.27 0.00 54.52 40435
0:00:43 47.60 436.42 0.00 54.46 40474
0:00:43 47.86 436.56 0.00 54.41 40514
0:00:43 47.86 436.56 0.00 54.41 40530
0:00:43 47.86 436.56 0.00 54.41 40551
0:00:43 48.15 436.72 0.00 54.41 40579
0:00:43 48.15 436.72 0.00 54.41 40612
0:00:43 48.43 436.86 0.00 54.45 40629
0:00:43 48.43 436.86 0.00 54.45 40649
0:00:43 48.73 437.02 0.00 54.53 40681
0:00:43 48.73 437.02 0.00 54.53 40715
0:00:43 48.96 437.14 0.00 54.53 40734
0:00:43 49.15 437.23 0.00 54.39 40761
0:00:43 49.38 437.34 0.00 54.19 40798
0:00:43 49.59 437.43 0.00 54.14 40838
0:00:43 49.59 437.43 0.00 54.14 40854
0:00:43 49.59 437.43 0.00 54.14 40875
0:00:43 49.86 437.54 0.00 54.10 40902
0:00:43 49.86 437.54 0.00 54.10 40918
0:00:43 50.16 437.66 0.00 54.06 40952
0:00:43 50.16 437.66 0.00 54.06 40974
0:00:43 50.40 437.74 0.00 54.04 41003
0:00:43 50.40 437.74 0.00 54.04 41021
0:00:44 50.68 437.84 0.00 54.01 41052
0:00:44 50.68 437.84 0.00 54.01 41069
0:00:44 50.93 437.92 0.00 54.00 41100
0:00:44 50.93 437.92 0.00 54.00 41138
0:00:44 51.33 438.03 0.00 53.99 41181
0:00:44 51.33 438.03 0.00 53.99 41199
0:00:44 51.56 438.09 0.00 53.99 41236
0:00:44 51.78 438.14 0.00 54.00 41273
0:00:44 51.78 438.14 0.00 54.00 41299
0:00:44 52.00 438.19 0.00 53.99 41330
0:00:44 52.31 438.25 0.00 53.99 41378
0:00:44 52.50 438.29 0.00 54.00 41413
0:00:44 52.50 438.29 0.00 54.00 41435
0:00:44 52.75 438.33 0.00 54.01 41462
0:00:44 52.75 438.33 0.00 54.01 41484
0:00:44 52.99 438.36 0.00 54.01 41520
0:00:44 53.25 438.39 0.00 54.01 41568
0:00:44 53.44 438.41 0.00 54.00 41601
0:00:44 53.64 438.42 0.00 54.00 41625
0:00:44 53.64 438.42 0.00 54.00 41640
0:00:44 53.81 438.43 0.00 54.01 41662
0:00:44 53.96 438.44 0.00 54.02 41692
0:00:44 54.10 438.44 0.00 54.01 41717
0:00:44 54.10 438.44 0.00 54.01 41730
0:00:44 54.25 438.45 0.00 53.99 41757
0:00:44 54.41 438.45 0.00 53.99 41783
0:00:44 54.41 438.45 0.00 53.99 41798
0:00:44 54.56 438.45 0.00 53.99 41816
0:00:44 54.75 438.44 0.00 53.99 41856
0:00:44 54.89 438.44 0.00 53.98 41896
0:00:44 55.05 438.43 0.00 53.98 41921
0:00:44 55.05 438.43 0.00 53.98 41943
0:00:44 55.23 438.41 0.00 53.99 41975
0:00:44 55.46 438.39 0.00 54.00 42005
0:00:45 55.67 438.37 0.00 53.98 42042
0:00:45 55.67 438.37 0.00 53.98 42068
0:00:45 55.85 438.35 0.00 53.96 42101
0:00:45 56.10 438.31 0.00 53.96 42145
0:00:45 56.27 438.28 0.00 53.98 42179
0:00:45 56.51 438.24 0.00 54.00 42221
0:00:45 56.51 438.24 0.00 54.00 42243
0:00:45 56.73 438.19 0.00 53.98 42274
0:00:45 56.91 438.15 0.00 53.96 42315
0:00:45 56.91 438.15 0.00 53.96 42338
0:00:45 57.14 438.09 0.00 53.96 42363
0:00:45 57.34 438.04 0.00 53.96 42396
0:00:45 57.34 438.04 0.00 53.96 42417
0:00:45 57.55 437.97 0.00 53.96 42452
0:00:45 57.75 437.91 0.00 53.96 42502
0:00:45 57.91 438.71 0.00 53.97 42561
0:00:45 58.22 437.75 0.00 53.97 42600
0:00:45 58.39 437.69 0.00 53.97 42634
0:00:45 58.39 437.69 0.00 53.97 42657
0:00:45 58.63 437.59 0.00 53.96 42688
0:00:45 58.81 437.52 0.00 53.96 42746
0:00:45 59.03 437.42 0.00 53.97 42775
0:00:45 59.23 437.34 0.00 53.97 42811
0:00:45 59.23 437.34 0.00 53.97 42833
0:00:45 59.41 437.25 0.00 53.96 42864
0:00:45 59.62 437.15 0.00 53.96 42899
0:00:45 59.81 437.05 0.00 53.97 42934
0:00:45 59.81 437.05 0.00 53.97 42957
0:00:45 59.99 436.96 0.00 53.97 42994
0:00:45 60.21 436.84 0.00 53.96 43025
0:00:46 60.41 436.72 0.00 53.96 43059
0:00:46 60.56 436.64 0.00 53.97 43092
0:00:46 60.56 436.64 0.00 53.97 43114
0:00:46 60.77 436.51 0.00 53.96 43147
0:00:46 60.95 436.40 0.00 53.95 43187
0:00:46 60.95 437.28 0.00 53.96 43221
0:00:46 61.13 436.29 0.00 53.96 43243
0:00:46 61.31 436.17 0.00 53.97 43279
0:00:46 61.54 436.02 0.00 53.96 43311
0:00:46 61.54 436.02 0.00 53.96 43336
0:00:46 61.72 435.89 0.00 53.94 43362
0:00:46 61.93 435.75 0.00 53.94 43398
0:00:46 61.93 435.75 0.00 53.94 43419
0:00:46 62.17 435.57 0.00 53.97 43446
0:00:46 62.17 435.57 0.00 53.97 43478
0:00:46 62.41 435.39 0.00 53.98 43506
0:00:46 62.41 435.39 0.00 53.98 43541
0:00:46 62.67 435.20 0.00 53.97 43557
0:00:46 62.67 435.20 0.00 53.97 43594
0:00:46 63.08 434.87 0.00 53.89 43633
0:00:46 63.25 434.73 0.00 53.87 43672
0:00:46 63.25 434.73 0.00 53.87 43694
0:00:46 63.44 434.56 0.00 53.87 43725
0:00:46 63.65 434.38 0.00 53.87 43761
0:00:46 63.65 434.38 0.00 53.87 43782
0:00:46 63.65 434.38 0.00 53.87 43808
0:00:46 63.87 434.18 0.00 53.89 43827
0:00:46 64.03 433.99 0.00 53.88 43856
0:00:46 63.95 433.81 0.00 53.83 43887
0:00:46 63.95 433.81 0.00 53.83 43907
0:00:46 63.87 433.62 0.00 53.79 43939
0:00:46 64.02 433.45 0.00 53.77 43970
0:00:46 64.02 433.45 0.00 53.77 43991
0:00:46 64.02 433.45 0.00 53.77 44015
0:00:46 64.32 433.19 0.00 53.82 44039
0:00:47 64.48 433.03 0.00 53.81 44083
0:00:47 64.48 433.03 0.00 53.81 44120
0:00:47 64.70 432.80 0.00 53.78 44141
0:00:47 64.70 432.80 0.00 53.78 44174
0:00:47 64.93 432.54 0.00 53.80 44194
0:00:47 65.12 432.31 0.00 53.84 44229
0:00:47 65.31 432.07 0.00 53.79 44267
0:00:47 65.31 432.07 0.00 53.79 44287
0:00:47 65.51 431.80 0.00 53.70 44322
0:00:47 65.51 431.80 0.00 53.70 44343
0:00:47 65.68 431.58 0.00 53.66 44373
0:00:47 65.81 431.40 0.00 53.65 44403
0:00:47 65.92 431.24 0.00 53.68 44431
0:00:47 66.03 431.08 0.00 53.71 44457
0:00:47 66.03 431.08 0.00 53.71 44469
0:00:47 66.15 430.92 0.00 53.72 44490
0:00:47 66.15 430.92 0.00 53.72 44506
0:00:47 66.28 430.73 0.00 53.69 44532
0:00:47 66.40 430.56 0.00 53.68 44563
0:00:47 66.50 430.41 0.00 53.68 44593
0:00:47 66.63 430.23 0.00 53.70 44617
0:00:47 66.63 430.23 0.00 53.70 44631
0:00:47 66.78 430.01 0.00 53.73 44662
0:00:47 66.78 430.01 0.00 53.73 44676
0:00:47 66.97 429.72 0.00 53.79 44716
0:00:47 66.97 429.72 0.00 53.79 44736
0:00:47 67.09 429.54 0.00 53.79 44766
0:00:47 67.26 429.28 0.00 53.78 44795
0:00:47 67.43 429.01 0.00 53.79 44835
0:00:47 67.56 428.80 0.00 53.81 44881
0:00:47 67.69 428.60 0.00 53.82 44909
0:00:47 67.69 428.60 0.00 53.82 44937
0:00:47 68.02 428.07 0.00 53.80 44991
0:00:47 68.02 428.07 0.00 53.80 45020
0:00:47 68.16 427.86 0.00 53.80 45048
0:00:48 68.35 427.55 0.00 53.81 45089
0:00:48 68.52 427.27 0.00 53.82 45121
0:00:48 68.52 427.27 0.00 53.82 45140
0:00:48 68.74 426.90 0.00 53.81 45169
0:00:48 68.74 426.90 0.00 53.81 45187
0:00:48 68.88 426.66 0.00 53.81 45222
0:00:48 69.03 426.41 0.00 53.85 45253
0:00:48 69.03 426.41 0.00 53.85 45274
0:00:48 69.19 426.14 0.00 53.95 45302
0:00:48 69.19 426.14 0.00 53.95 45333
0:00:48 69.37 425.82 0.00 54.13 45353
0:00:48 69.49 425.62 0.00 54.24 45382
0:00:48 69.66 425.32 0.00 54.41 45421
0:00:48 69.66 425.32 0.00 54.41 45440
0:00:48 69.86 424.98 0.00 54.63 45477
0:00:48 70.04 424.68 0.00 54.78 45510
0:00:48 70.04 424.68 0.00 54.78 45551
0:00:48 70.22 424.37 0.00 54.86 45578
0:00:48 70.38 424.10 0.00 54.90 45608
0:00:48 70.38 424.10 0.00 54.90 45628
0:00:48 70.57 423.75 0.00 54.92 45666
0:00:48 70.72 423.50 0.00 54.95 45699
0:00:48 70.72 423.50 0.00 54.95 45721
0:00:48 70.94 423.11 0.00 55.08 45748
0:00:48 71.10 422.83 0.00 55.19 45787
0:00:48 71.10 422.83 0.00 55.19 45807
0:00:48 71.27 422.53 0.00 55.28 45834
0:00:48 71.27 422.53 0.00 55.28 45863
0:00:48 71.41 422.28 0.00 55.40 45882
0:00:48 71.61 421.94 0.00 55.44 45914
0:00:48 71.61 421.94 0.00 55.44 45945
0:00:48 71.76 421.67 0.00 55.38 45965
0:00:48 71.94 421.34 0.00 55.36 46001
0:00:48 71.94 421.34 0.00 55.36 46032
0:00:49 72.10 421.05 0.00 55.35 46052
0:00:49 72.27 420.73 0.00 55.39 46093
0:00:49 72.27 420.73 0.00 55.39 46113
0:00:49 72.43 420.43 0.00 55.50 46142
0:00:49 72.63 420.08 0.00 55.62 46175
0:00:49 72.79 419.79 0.00 55.64 46210
0:00:49 72.79 419.79 0.00 55.64 46230
0:00:49 72.97 419.46 0.00 55.63 46267
0:00:49 73.15 419.11 0.00 55.65 46308
0:00:49 73.32 418.81 0.00 55.69 46338
0:00:49 73.32 418.81 0.00 55.69 46356
0:00:49 73.32 418.81 0.00 55.69 46378
0:00:49 73.50 418.46 0.00 55.80 46406
0:00:49 73.68 418.12 0.00 55.90 46434
0:00:49 73.68 418.12 0.00 55.90 46455
0:00:49 73.89 417.72 0.00 56.00 46485
0:00:49 74.06 417.39 0.00 56.15 46518
0:00:49 74.06 417.39 0.00 56.15 46539
0:00:49 74.06 417.39 0.00 56.15 46572
0:00:49 74.40 416.73 0.00 56.37 46610
0:00:49 74.40 416.73 0.00 56.37 46630
0:00:49 74.59 416.37 0.00 56.54 46674
0:00:49 74.77 416.01 0.00 56.67 46708
0:00:49 74.77 416.01 0.00 56.67 46722
0:00:49 74.95 415.66 0.00 56.76 46748
0:00:49 75.08 415.39 0.00 56.83 46777
0:00:49 75.08 415.39 0.00 56.83 46790
0:00:49 75.23 415.10 0.00 56.78 46823
0:00:49 75.38 414.80 0.00 56.67 46854
0:00:49 75.38 414.80 0.00 56.67 46870
0:00:49 75.53 414.49 0.00 56.65 46902
0:00:49 75.68 414.19 0.00 56.64 46935
0:00:49 75.68 414.19 0.00 56.64 46954
0:00:49 75.85 413.84 0.00 56.66 46983
0:00:49 76.01 413.51 0.00 56.71 47008
0:00:49 76.01 413.51 0.00 56.71 47028
0:00:50 76.21 413.11 0.00 56.75 47066
0:00:50 76.36 412.79 0.00 56.78 47099
0:00:50 76.36 412.79 0.00 56.78 47121
0:00:50 76.53 412.45 0.00 56.77 47147
0:00:50 76.66 412.18 0.00 56.75 47170
0:00:50 76.82 411.83 0.00 56.72 47204
0:00:50 76.95 411.56 0.00 56.72 47230
0:00:50 76.95 411.56 0.00 56.72 47245
0:00:50 77.07 411.31 0.00 56.73 47273
0:00:50 77.22 410.99 0.00 56.77 47297
0:00:50 77.22 410.99 0.00 56.77 47311
0:00:50 77.37 410.68 0.00 56.76 47333
0:00:50 77.37 410.68 0.00 56.76 47350
0:00:50 77.51 410.38 0.00 56.71 47380
0:00:50 77.64 410.08 0.00 56.68 47410
0:00:50 77.81 409.71 0.00 56.66 47444
0:00:50 77.97 409.37 0.00 56.68 47475
0:00:50 77.97 409.37 0.00 56.68 47494
0:00:50 77.99 408.98 0.00 56.75 47526
0:00:50 77.94 408.59 0.00 56.76 47560
0:00:50 77.94 408.27 0.00 56.71 47605
0:00:50 78.11 407.92 0.00 56.70 47640
0:00:50 78.28 407.57 0.00 56.70 47673
0:00:50 78.28 407.57 0.00 56.70 47693
0:00:50 78.50 407.06 0.00 56.74 47724
0:00:50 78.61 406.77 0.00 56.76 47755
0:00:50 78.61 406.77 0.00 56.76 47778
0:00:50 78.78 406.36 0.00 56.78 47801
0:00:50 78.78 406.36 0.00 56.78 47821
0:00:50 78.93 405.97 0.00 56.75 47848
0:00:50 79.09 405.53 0.00 56.72 47880
0:00:50 79.09 405.53 0.00 56.72 47900
0:00:50 79.23 405.16 0.00 56.73 47929
0:00:50 79.38 404.75 0.00 56.76 47963
0:00:50 79.38 404.75 0.00 56.76 47982
0:00:50 79.51 404.39 0.00 56.80 48010
0:00:51 79.67 403.94 0.00 56.79 48042
0:00:51 79.67 403.94 0.00 56.79 48063
0:00:51 79.80 403.56 0.00 56.74 48090
0:00:51 79.93 403.19 0.00 56.68 48124
0:00:51 80.08 402.75 0.00 56.63 48171
0:00:51 80.08 403.99 0.00 56.63 48204
0:00:51 80.36 401.91 0.00 56.67 48240
0:00:51 80.36 401.91 0.00 56.67 48260
0:00:51 80.52 401.45 0.00 56.74 48294
0:00:51 80.65 401.05 0.00 56.77 48327
0:00:51 80.65 401.05 0.00 56.77 48347
0:00:51 80.80 400.59 0.00 56.77 48376
0:00:51 80.80 401.60 0.00 56.81 48408
0:00:51 80.94 400.17 0.00 56.81 48427
0:00:51 81.09 399.71 0.00 56.80 48457
0:00:51 81.09 399.71 0.00 56.80 48478
0:00:51 81.23 399.29 0.00 56.74 48505
0:00:51 81.36 398.86 0.00 56.73 48536
0:00:51 81.49 398.46 0.00 56.74 48570
0:00:51 81.61 398.09 0.00 56.78 48605
0:00:51 81.73 397.70 0.00 56.82 48643
0:00:51 81.87 397.24 0.00 56.80 48681
0:00:51 81.99 396.86 0.00 56.77 48717
0:00:51 81.99 396.86 0.00 56.77 48741
0:00:51 82.13 396.43 0.00 56.73 48767
0:00:51 82.13 396.43 0.00 56.73 48795
0:00:51 82.30 395.86 0.00 56.73 48819
0:00:51 82.45 395.39 0.00 56.79 48850
0:00:51 82.59 394.93 0.00 56.80 48885
0:00:51 82.59 394.93 0.00 56.80 48905
0:00:51 82.74 394.44 0.00 56.76 48936
0:00:51 82.74 394.44 0.00 56.76 48956
0:00:51 82.74 394.44 0.00 56.76 48981
0:00:51 82.95 393.75 0.00 56.77 49005
0:00:52 83.13 393.16 0.00 56.80 49039
0:00:52 83.13 393.16 0.00 56.80 49069
0:00:52 83.25 392.74 0.00 56.81 49095
0:00:52 83.40 392.25 0.00 56.83 49124
0:00:52 83.40 392.25 0.00 56.83 49141
0:00:52 83.57 391.71 0.00 56.84 49175
0:00:52 83.71 391.25 0.00 56.85 49205
0:00:52 83.71 391.25 0.00 56.85 49224
0:00:52 83.71 391.25 0.00 56.85 49249
0:00:52 83.85 390.79 0.00 56.86 49269
0:00:52 83.85 390.79 0.00 56.86 49290
0:00:52 83.85 390.79 0.00 56.86 49309
0:00:52 84.00 390.27 0.00 56.87 49333
0:00:52 84.17 389.71 0.00 56.86 49353
0:00:52 84.31 389.25 0.00 56.87 49388
0:00:52 84.31 389.25 0.00 56.87 49418
0:00:52 84.47 388.74 0.00 56.86 49439
0:00:52 84.61 388.25 0.00 56.71 49489
0:00:52 84.75 387.80 0.00 56.42 49509
0:00:52 84.90 387.28 0.00 56.07 49542
0:00:52 85.05 386.77 0.00 55.90 49576
0:00:52 85.05 386.77 0.00 55.90 49607
0:00:52 85.20 386.25 0.00 55.77 49629
0:00:52 85.33 385.78 0.00 55.55 49657
0:00:52 85.49 385.20 0.00 55.26 49705
0:00:52 85.64 384.68 0.00 54.99 49741
0:00:52 85.77 384.17 0.00 54.73 49778
0:00:52 85.77 384.17 0.00 54.73 49795
0:00:52 85.96 383.49 0.00 54.42 49820
0:00:52 85.96 383.49 0.00 54.42 49845
0:00:52 86.08 383.02 0.00 54.20 49867
0:00:52 86.17 382.67 0.00 54.08 49891
0:00:52 86.29 382.21 0.00 53.87 49918
0:00:52 86.41 381.74 0.00 53.65 49945
0:00:52 86.52 381.32 0.00 53.53 49970
0:00:52 86.62 380.89 0.00 53.42 49999
0:00:52 86.72 380.49 0.00 53.25 50025
0:00:52 86.72 380.49 0.00 53.25 50043
0:00:53 86.83 380.06 0.00 53.02 50065
0:00:53 86.83 380.06 0.00 53.02 50088
0:00:53 86.96 379.51 0.00 52.74 50109
0:00:53 86.96 379.51 0.00 52.74 50131
0:00:53 87.10 378.95 0.00 52.59 50146
0:00:53 87.26 378.28 0.00 52.49 50179
0:00:53 87.26 378.28 0.00 52.49 50207
0:00:53 87.40 377.68 0.00 52.42 50222
0:00:53 87.40 377.68 0.00 52.42 50241
0:00:53 87.54 377.07 0.00 52.37 50271
0:00:53 87.69 376.43 0.00 52.30 50306
0:00:53 87.82 375.86 0.00 52.11 50334
0:00:53 87.82 375.86 0.00 52.11 50355
0:00:53 87.97 375.23 0.00 51.79 50382
0:00:53 88.12 374.53 0.00 51.43 50413
0:00:53 88.12 374.53 0.00 51.43 50437
0:00:53 88.26 373.90 0.00 51.18 50470
0:00:53 88.39 373.32 0.00 50.93 50497
0:00:53 88.39 373.32 0.00 50.93 50516
0:00:53 88.54 372.64 0.00 50.79 50541
0:00:53 88.71 371.82 0.00 50.70 50575
0:00:53 88.71 371.82 0.00 50.70 50612
0:00:53 88.85 371.17 0.00 50.63 50635
0:00:53 88.97 370.61 0.00 50.57 50665
0:00:53 89.13 369.85 0.00 50.57 50700
0:00:53 89.13 369.85 0.00 50.57 50724
0:00:53 89.27 369.20 0.00 50.59 50753
0:00:53 89.42 368.47 0.00 50.55 50781
0:00:53 89.42 368.47 0.00 50.55 50804
0:00:53 89.56 367.79 0.00 50.45 50831
0:00:53 89.73 366.95 0.00 50.39 50865
0:00:53 89.73 366.95 0.00 50.39 50894
0:00:53 89.98 365.72 0.00 50.37 50936
0:00:53 89.98 365.72 0.00 50.37 50959
0:00:53 90.14 364.93 0.00 50.35 50995
0:00:53 90.26 364.29 0.00 50.30 51022
0:00:54 90.41 363.56 0.00 50.23 51061
0:00:54 90.56 362.80 0.00 50.15 51106
0:00:54 90.67 362.22 0.00 50.13 51135
0:00:54 90.81 361.49 0.00 50.14 51174
0:00:54 90.95 360.80 0.00 50.17 51203
0:00:54 90.95 360.80 0.00 50.17 51223
0:00:54 91.05 359.90 0.00 50.17 51256
0:00:54 91.05 359.90 0.00 50.17 51276
0:00:54 90.99 358.94 0.00 50.13 51308
0:00:54 90.99 358.94 0.00 50.13 51328
0:00:54 91.02 358.05 0.00 50.06 51356
0:00:54 91.02 358.05 0.00 50.06 51390
0:00:54 91.21 357.16 0.00 49.99 51411
0:00:54 91.34 356.44 0.00 49.94 51440
0:00:54 91.47 355.75 0.00 49.92 51477
0:00:54 91.59 355.05 0.00 49.93 51515
0:00:54 91.59 355.05 0.00 49.93 51537
0:00:54 91.71 354.29 0.00 49.96 51563
0:00:54 91.82 353.58 0.00 49.93 51590
0:00:54 91.82 353.58 0.00 49.93 51620
0:00:54 91.95 352.74 0.00 49.85 51639
0:00:54 92.07 351.90 0.00 49.79 51688
0:00:54 92.18 351.12 0.00 49.76 51722
0:00:54 92.31 350.22 0.00 49.77 51759
0:00:54 92.41 349.47 0.00 49.84 51793
0:00:54 92.41 349.47 0.00 49.84 51818
0:00:54 92.52 348.65 0.00 49.86 51849
0:00:54 92.65 347.73 0.00 49.82 51876
0:00:54 92.65 347.73 0.00 49.82 51896
0:00:54 92.76 346.85 0.00 49.79 51927
0:00:54 92.87 346.03 0.00 49.77 51968
0:00:54 92.98 345.23 0.00 49.79 52012
0:00:55 93.09 344.36 0.00 49.84 52041
0:00:55 93.09 344.36 0.00 49.84 52065
0:00:55 93.21 343.43 0.00 49.87 52095
0:00:55 93.21 343.43 0.00 49.87 52119
0:00:55 93.43 341.73 0.00 49.84 52181
0:00:55 93.54 340.96 0.00 49.80 52210
0:00:55 93.54 340.96 0.00 49.80 52244
0:00:55 93.65 340.13 0.00 49.77 52266
0:00:55 93.78 339.23 0.00 49.76 52293
0:00:55 93.78 339.23 0.00 49.76 52316
0:00:55 93.92 338.26 0.00 49.77 52343
0:00:55 94.07 337.27 0.00 49.80 52371
0:00:55 94.18 336.50 0.00 49.80 52406
0:00:55 94.18 336.50 0.00 49.80 52428
0:00:55 94.18 336.50 0.00 49.80 52457
0:00:55 94.33 335.44 0.00 49.76 52482
0:00:55 94.53 333.96 0.00 49.70 52516
0:00:55 94.63 333.30 0.00 49.71 52546
0:00:55 94.73 332.62 0.00 49.75 52575
0:00:55 94.73 332.62 0.00 49.75 52592
0:00:55 94.83 331.92 0.00 49.78 52609
0:00:55 94.95 331.10 0.00 49.77 52638
0:00:55 94.95 331.10 0.00 49.77 52654
0:00:55 95.05 330.40 0.00 49.71 52684
0:00:55 95.16 329.66 0.00 49.66 52707
0:00:55 95.27 328.88 0.00 49.62 52727
0:00:55 95.27 328.88 0.00 49.62 52739
0:00:55 95.38 328.10 0.00 49.59 52773
0:00:55 95.51 327.20 0.00 49.60 52811
0:00:55 95.61 326.47 0.00 49.62 52847
0:00:55 95.76 325.41 0.00 49.69 52895
0:00:55 95.88 324.53 0.00 49.72 52924
0:00:55 95.88 324.53 0.00 49.72 52949
0:00:55 96.01 323.60 0.00 49.70 52971
0:00:55 96.14 322.61 0.00 49.65 53003
0:00:56 96.29 321.51 0.00 49.59 53032
0:00:56 96.29 321.51 0.00 49.59 53054
0:00:56 96.40 320.71 0.00 49.57 53082
0:00:56 96.54 319.71 0.00 49.60 53115
0:00:56 96.54 319.71 0.00 49.60 53140
0:00:56 96.68 318.64 0.00 49.67 53176
0:00:56 96.80 317.74 0.00 49.74 53199
0:00:56 96.90 316.95 0.00 49.77 53230
0:00:56 97.03 315.97 0.00 49.79 53262
0:00:56 97.16 314.97 0.00 49.77 53300
0:00:56 97.28 313.96 0.00 49.74 53334
0:00:56 97.28 313.96 0.00 49.74 53356
0:00:56 97.41 312.99 0.00 49.73 53383
0:00:56 97.55 311.86 0.00 49.76 53415
0:00:56 97.66 310.97 0.00 49.81 53448
0:00:56 97.78 310.05 0.00 49.82 53482
0:00:56 97.89 309.11 0.00 49.80 53520
0:00:56 97.89 309.11 0.00 49.80 53559
0:00:56 98.16 306.95 0.00 49.81 53595
0:00:56 98.26 306.13 0.00 49.82 53632
0:00:56 98.26 306.13 0.00 49.82 53669
0:00:56 98.41 304.84 0.00 49.82 53694
0:00:56 98.58 303.45 0.00 49.82 53723
0:00:56 98.71 302.30 0.00 49.82 53758
0:00:56 98.71 302.30 0.00 49.82 53780
0:00:56 98.86 301.04 0.00 49.86 53809
0:00:56 98.86 301.04 0.00 49.86 53845
0:00:56 99.00 299.84 0.00 49.94 53878
0:00:56 99.13 298.69 0.00 50.07 53908
0:00:56 99.28 297.38 0.00 50.25 53940
0:00:56 99.42 296.17 0.00 50.38 53979
0:00:56 99.56 294.89 0.00 50.48 54021
0:00:56 99.56 294.89 0.00 50.48 54040
0:00:57 99.72 293.52 0.00 50.60 54066
0:00:57 99.72 293.52 0.00 50.60 54094
0:00:57 99.84 292.39 0.00 50.67 54123
0:00:57 99.97 291.23 0.00 50.71 54143
0:00:57 100.08 290.18 0.00 50.79 54174
0:00:57 100.08 290.18 0.00 50.79 54203
0:00:57 100.23 288.80 0.00 50.91 54220
0:00:57 100.23 288.80 0.00 50.91 54252
0:00:57 100.35 287.65 0.00 51.00 54272
0:00:57 100.50 286.30 0.00 51.08 54302
0:00:57 100.50 286.30 0.00 51.08 54334
0:00:57 100.65 284.91 0.00 51.12 54355
0:00:57 100.77 283.75 0.00 51.14 54389
0:00:57 100.89 282.56 0.00 51.18 54425
0:00:57 100.89 283.15 0.00 51.27 54458
0:00:57 101.03 281.21 0.00 51.27 54479
0:00:57 101.14 280.14 0.00 51.34 54509
0:00:57 101.27 278.87 0.00 51.39 54541
0:00:57 101.27 278.87 0.00 51.39 54563
0:00:57 101.43 277.31 0.00 51.43 54592
0:00:57 101.56 276.06 0.00 51.46 54636
0:00:57 101.67 274.89 0.00 51.49 54670
0:00:57 101.67 274.89 0.00 51.49 54698
0:00:57 101.81 273.54 0.00 51.54 54733
0:00:57 101.94 272.09 0.00 51.60 54762
0:00:57 102.07 270.79 0.00 51.61 54803
0:00:57 102.19 269.40 0.00 51.59 54844
0:00:57 102.29 268.30 0.00 51.57 54877
0:00:57 102.29 268.30 0.00 51.57 54899
0:00:57 102.42 266.89 0.00 51.58 54923
0:00:57 102.54 265.47 0.00 51.65 54962
0:00:57 102.66 264.14 0.00 51.76 54998
0:00:57 102.77 262.79 0.00 51.80 55045
0:00:58 102.86 261.67 0.00 51.78 55080
0:00:58 102.96 260.43 0.00 51.79 55114
0:00:58 103.06 259.16 0.00 51.81 55154
0:00:58 103.17 257.85 0.00 51.86 55187
0:00:58 103.25 256.85 0.00 51.90 55217
0:00:58 103.33 255.86 0.00 51.93 55244
0:00:58 103.40 254.86 0.00 51.93 55276
0:00:58 103.48 253.89 0.00 51.93 55310
0:00:58 103.55 252.91 0.00 51.92 55339
0:00:58 103.62 252.00 0.00 51.93 55370
0:00:58 103.71 250.84 0.00 51.97 55399
0:00:58 103.71 250.84 0.00 51.97 55426
0:00:58 103.80 249.70 0.00 52.01 55459
0:00:58 103.91 248.12 0.00 52.02 55480
0:00:58 103.91 248.12 0.00 52.02 55501
0:00:58 104.01 246.87 0.00 52.00 55528
0:00:58 104.10 245.62 0.00 51.98 55562
0:00:58 104.21 244.19 0.00 51.99 55604
0:00:58 104.30 243.01 0.00 52.04 55635
0:00:58 104.41 241.49 0.00 52.09 55679
0:00:58 104.50 240.27 0.00 52.10 55706
0:00:58 104.50 240.27 0.00 52.10 55728
0:00:58 104.61 238.83 0.00 52.06 55756
0:00:58 104.70 237.53 0.00 52.03 55785
0:00:58 104.70 237.53 0.00 52.03 55819
0:00:58 104.81 236.00 0.00 52.01 55840
0:00:58 104.81 236.00 0.00 52.01 55863
0:00:58 105.00 233.45 0.00 52.11 55895
0:00:58 105.00 233.45 0.00 52.11 55916
0:00:58 105.09 232.25 0.00 52.15 55942
0:00:58 105.09 232.25 0.00 52.15 55963
0:00:58 105.18 230.89 0.00 52.14 55988
0:00:58 105.28 229.46 0.00 52.09 56023
0:00:59 105.38 228.06 0.00 52.03 56057
0:00:59 105.49 226.55 0.00 51.99 56096
0:00:59 105.49 226.55 0.00 51.99 56117
0:00:59 105.58 225.29 0.00 52.00 56140
0:00:59 105.67 223.90 0.00 52.06 56171
0:00:59 105.67 223.90 0.00 52.06 56187
0:00:59 105.79 222.23 0.00 52.10 56219
0:00:59 105.79 222.23 0.00 52.10 56233
0:00:59 105.79 222.23 0.00 52.10 56252
0:00:59 105.92 220.37 0.00 52.15 56281
0:00:59 105.92 220.37 0.00 52.15 56299
0:00:59 106.08 217.89 0.00 52.21 56348
0:00:59 106.18 216.49 0.00 52.22 56390
0:00:59 106.26 215.23 0.00 52.18 56428
0:00:59 106.33 214.23 0.00 52.14 56465
0:00:59 106.33 214.23 0.00 52.14 56495
0:00:59 106.50 211.74 0.00 52.12 56534
0:00:59 106.50 211.74 0.00 52.12 56566
0:00:59 106.58 210.55 0.00 52.15 56588
0:00:59 106.66 209.32 0.00 52.22 56618
0:00:59 106.76 207.81 0.00 52.25 56650
0:00:59 106.76 207.81 0.00 52.25 56684
0:00:59 106.85 206.41 0.00 52.22 56709
0:00:59 106.94 204.94 0.00 52.20 56748
0:00:59 107.03 203.72 0.00 52.19 56774
0:00:59 107.10 202.57 0.00 52.21 56803
0:00:59 107.16 201.66 0.00 52.25 56833
0:00:59 107.24 200.39 0.00 52.26 56865
0:00:59 107.24 200.39 0.00 52.26 56886
0:00:59 107.32 199.12 0.00 52.25 56914
0:00:59 107.32 199.12 0.00 52.25 56945
0:00:59 107.40 197.93 0.00 52.25 56967
0:00:59 107.48 196.68 0.00 52.27 56994
0:00:59 107.48 196.68 0.00 52.27 57018
0:00:59 107.54 195.75 0.00 52.28 57040
0:01:00 107.61 194.64 0.00 52.28 57078
0:01:00 107.69 193.46 0.00 52.28 57108
0:01:00 107.76 192.40 0.00 52.28 57140
0:01:00 107.82 191.41 0.00 52.31 57172
0:01:00 107.89 190.31 0.00 52.33 57202
0:01:00 107.89 190.31 0.00 52.33 57224
0:01:00 107.96 189.13 0.00 52.32 57261
0:01:00 107.96 189.13 0.00 52.32 57294
0:01:00 108.07 187.56 0.00 52.31 57318
0:01:00 108.15 186.34 0.00 52.35 57355
0:01:00 108.20 185.44 0.00 52.39 57389
0:01:00 108.28 184.38 0.00 52.39 57423
0:01:00 108.34 183.43 0.00 52.36 57451
0:01:00 108.34 183.43 0.00 52.36 57472
0:01:00 108.42 182.22 0.00 52.30 57500
0:01:00 108.48 181.40 0.00 52.27 57527
0:01:00 108.48 181.40 0.00 52.27 57550
0:01:00 108.54 180.56 0.00 52.28 57583
0:01:00 108.65 178.89 0.00 52.35 57633
0:01:00 108.71 178.07 0.00 52.36 57666
0:01:00 108.77 177.31 0.00 52.35 57702
0:01:00 108.83 176.50 0.00 52.35 57734
0:01:00 108.89 175.67 0.00 52.37 57769
0:01:00 108.89 175.67 0.00 52.37 57790
0:01:00 108.95 174.79 0.00 52.39 57816
0:01:00 109.00 174.04 0.00 52.40 57842
0:01:00 109.04 173.44 0.00 52.39 57868
0:01:00 109.07 172.81 0.00 52.38 57901
0:01:00 109.10 172.13 0.00 52.37 57934
0:01:00 109.13 171.56 0.00 52.37 57962
0:01:00 109.14 170.97 0.00 52.38 57991
0:01:00 109.16 170.39 0.00 52.40 58016
0:01:00 109.15 169.54 0.00 52.40 58064
0:01:01 109.14 168.99 0.00 52.40 58097
0:01:01 109.11 168.46 0.00 52.41 58127
0:01:01 109.07 167.86 0.00 52.42 58161
0:01:01 109.00 167.29 0.00 52.42 58190
0:01:01 108.90 166.71 0.00 52.42 58223
0:01:01 108.78 166.12 0.00 52.42 58254
0:01:01 108.65 165.58 0.00 52.43 58293
0:01:01 108.45 164.87 0.00 52.43 58328
0:01:01 108.32 164.44 0.00 52.45 58372
0:01:01 108.32 164.44 0.00 52.45 58407
0:01:01 108.00 163.46 0.00 52.60 58435
0:01:01 107.86 163.08 0.00 52.71 58473
0:01:01 107.70 162.64 0.00 52.83 58502
0:01:01 107.70 162.64 0.00 52.83 58531
0:01:01 107.36 161.82 0.00 53.12 58564
0:01:01 107.36 161.82 0.00 53.12 58588
0:01:01 107.18 161.42 0.00 53.29 58612
0:01:01 107.01 161.07 0.00 53.40 58647
0:01:01 106.82 160.70 0.00 53.46 58683
0:01:01 106.57 160.26 0.00 53.56 58716
0:01:01 106.39 159.97 0.00 53.64 58749
0:01:01 106.19 159.68 0.00 53.75 58787
0:01:01 106.19 159.68 0.00 53.75 58814
0:01:01 105.75 159.11 0.00 54.05 58856
0:01:01 105.47 158.80 0.00 54.20 58900
0:01:01 105.20 158.53 0.00 54.30 58933
0:01:01 105.20 158.53 0.00 54.30 58963
0:01:01 105.20 158.53 0.00 54.30 58982
0:01:01 104.45 157.90 0.00 54.54 59012
0:01:02 104.15 157.70 0.00 54.62 59039
0:01:02 104.15 157.70 0.00 54.62 59060
0:01:02 103.79 157.46 0.00 54.71 59095
0:01:02 103.79 157.46 0.00 54.71 59130
0:01:02 103.25 157.14 0.00 54.87 59150
0:01:02 102.77 156.89 0.00 54.97 59180
0:01:02 102.30 156.66 0.00 55.04 59207
0:01:02 102.30 156.66 0.00 55.04 59242
0:01:02 101.84 156.45 0.00 55.08 59265
0:01:02 101.30 156.22 0.00 55.10 59291
0:01:02 100.21 155.79 0.00 55.15 59351
0:01:02 99.67 155.59 0.00 55.22 59385
0:01:02 98.99 155.35 0.00 55.33 59424
0:01:02 98.40 155.16 0.00 55.38 59455
0:01:02 97.74 154.95 0.00 55.41 59492
0:01:02 97.03 154.73 0.00 55.43 59528
0:01:02 95.63 154.31 0.00 55.51 59595
0:01:02 95.63 154.31 0.00 55.51 59620
0:01:02 94.79 154.07 0.00 55.61 59651
0:01:02 93.71 153.77 0.00 55.62 59687
0:01:02 92.95 153.57 0.00 55.56 59727
0:01:02 92.00 153.31 0.00 55.53 59784
0:01:02 90.50 152.93 0.00 55.52 59841
0:01:02 89.21 152.60 0.00 55.61 59879
0:01:02 88.19 152.35 0.00 55.70 59921
0:01:02 87.44 152.17 0.00 55.75 59963
0:01:02 86.26 151.88 0.00 55.81 59991
0:01:02 85.45 151.68 0.00 55.79 60017
0:01:02 85.45 151.68 0.00 55.79 60032
0:01:03 84.44 151.44 0.00 55.73 60064
0:01:03 83.17 151.17 0.00 55.66 60102
0:01:03 83.17 151.17 0.00 55.66 60123
0:01:03 81.88 150.90 0.00 55.62 60154
0:01:03 81.88 150.90 0.00 55.62 60186
0:01:03 80.56 150.63 0.00 55.65 60204
0:01:03 79.12 150.34 0.00 55.74 60242
0:01:03 77.92 150.11 0.00 55.76 60284
0:01:03 77.92 150.11 0.00 55.76 60317
0:01:03 76.67 149.87 0.00 55.72 60335
0:01:03 75.49 149.65 0.00 55.70 60362
0:01:03 75.49 149.65 0.00 55.70 60378
0:01:03 74.34 149.45 0.00 55.71 60410
0:01:03 73.25 149.26 0.00 55.75 60436
0:01:03 72.45 149.12 0.00 55.80 60465
0:01:03 71.65 148.99 0.00 55.84 60486
0:01:03 71.65 148.99 0.00 55.84 60501
0:01:03 70.75 148.84 0.00 55.87 60526
0:01:03 69.73 148.67 0.00 55.90 60547
0:01:03 69.73 148.67 0.00 55.90 60568
0:01:03 68.41 148.49 0.00 55.93 60604
0:01:03 67.31 148.35 0.00 55.94 60648
0:01:03 66.35 148.23 0.00 55.93 60681
0:01:03 48.95 148.52 0.00 55.92 60715
0:01:03 48.14 148.81 1.00 55.95 60754
0:01:03 46.30 149.37 0.00 56.03 60808
0:01:03 46.30 149.37 0.00 56.03 60841
0:01:03 44.91 149.73 0.00 56.03 60862
0:01:03 43.45 150.12 0.00 55.99 60894
0:01:03 41.20 150.61 0.00 55.94 60933
0:01:03 41.20 150.61 0.00 55.94 60975
0:01:03 38.09 151.06 0.00 55.92 60996
0:01:03 38.09 151.06 0.00 55.92 61026
0:01:03 34.74 151.80 0.00 55.99 61049
0:01:03 34.74 151.80 0.00 55.99 61070
0:01:04 32.48 152.83 0.00 56.15 61103
0:01:04 32.48 152.83 0.00 56.15 61126
0:01:04 31.48 153.80 0.00 56.29 61161
0:01:04 31.48 153.80 0.00 56.29 61178
0:01:04 31.48 153.80 0.00 56.29 61197
0:01:04 30.80 154.74 0.00 56.38 61229
0:01:04 30.24 155.53 0.00 56.42 61258
0:01:04 30.24 155.53 0.00 56.42 61282
0:01:04 29.64 156.32 0.00 56.36 61324
0:01:04 29.64 156.32 0.00 56.36 61355
0:01:04 29.03 157.11 0.00 56.25 61400
0:01:04 28.42 157.92 0.00 56.17 61427
0:01:04 27.90 158.62 0.00 56.14 61467
0:01:04 27.90 158.62 0.00 56.14 61495
0:01:04 27.59 159.60 0.00 56.17 61530
0:01:04 27.64 160.39 0.00 56.19 61572
0:01:04 27.00 161.11 0.00 56.16 61614
0:01:04 26.14 161.90 0.00 56.11 61655
0:01:04 26.14 161.90 0.00 56.11 61677
0:01:04 26.14 161.90 0.00 56.11 61714
0:01:04 24.39 163.56 0.00 56.11 61779
0:01:04 24.39 163.56 0.00 56.11 61804
0:01:04 23.54 164.43 0.00 56.15 61836
0:01:04 23.54 164.43 0.00 56.15 61874
0:01:04 21.84 166.30 0.00 56.10 61928
0:01:04 21.84 166.30 0.00 56.10 61957
0:01:04 21.15 167.10 0.00 56.06 61996
0:01:04 20.61 168.01 0.00 56.06 62024
0:01:04 20.61 168.01 0.00 56.06 62050
0:01:05 20.50 169.07 0.00 56.10 62083
0:01:05 20.50 169.07 0.00 56.10 62108
0:01:05 19.97 170.02 0.00 56.14 62141
0:01:05 18.93 170.87 0.00 56.10 62177
0:01:05 17.80 171.82 0.00 55.99 62214
0:01:05 17.80 171.82 0.00 55.99 62235
0:01:05 16.77 172.77 0.00 55.89 62280
0:01:05 15.72 173.82 0.00 55.86 62338
0:01:05 15.72 173.82 0.00 55.86 62369
0:01:05 14.92 174.71 0.00 55.92 62397
0:01:05 13.88 175.85 0.00 55.98 62431
0:01:05 13.88 175.85 0.00 55.98 62456
0:01:05 13.11 176.85 0.00 55.84 62488
0:01:05 12.51 177.94 0.00 55.70 62528
0:01:05 12.50 179.05 0.00 55.64 62599
0:01:05 12.50 179.05 0.00 55.64 62630
0:01:05 11.78 180.34 0.00 55.65 62671
0:01:05 11.78 180.34 0.00 55.65 62705
0:01:05 10.40 181.48 0.00 55.76 62730
0:01:05 9.02 182.64 0.00 55.80 62756
0:01:05 9.02 182.64 0.00 55.80 62794
0:01:05 7.79 183.87 0.00 55.78 62816
0:01:05 7.79 183.87 0.00 55.78 62834
0:01:05 6.98 184.78 0.00 55.82 62858
0:01:05 6.33 185.60 0.00 55.87 62889
0:01:05 6.33 185.60 0.00 55.87 62906
0:01:05 5.74 186.45 0.00 55.92 62929
0:01:05 5.24 187.23 0.00 55.94 62960
0:01:05 5.24 187.23 0.00 55.94 62974
0:01:05 4.76 188.05 0.00 55.93 62993
0:01:05 4.76 188.05 0.00 55.93 63007
0:01:05 4.54 188.93 0.00 55.95 63037
0:01:05 4.54 188.93 0.00 55.95 63057
0:01:06 4.48 189.96 0.00 55.99 63091
0:01:06 4.48 189.96 0.00 55.99 63123
0:01:06 4.13 191.31 0.00 56.06 63143
0:01:06 4.13 192.39 0.00 55.98 63171
0:01:06 3.23 192.34 0.00 55.98 63191
0:01:06 2.50 193.40 0.00 55.85 63221
0:01:06 2.50 193.40 0.00 55.85 63241
0:01:06 1.95 194.46 0.00 55.69 63276
0:01:06 1.54 195.44 0.00 55.50 63328
0:01:06 1.16 196.62 0.00 55.36 63365
0:01:06 1.16 196.62 0.00 55.36 63396
0:01:06 0.88 197.75 0.00 55.29 63418
0:01:06 0.88 197.75 0.00 55.29 63440
0:01:06 0.63 199.11 0.00 55.19 63475
0:01:06 0.47 200.28 0.00 55.12 63511
0:01:06 0.47 200.28 0.00 55.12 63531
0:01:06 0.36 201.42 0.00 55.05 63558
0:01:06 0.36 201.42 0.00 55.05 63578
0:01:06 0.28 202.46 0.00 54.94 63607
0:01:06 0.28 202.46 0.00 54.94 63637
0:01:06 0.22 203.36 0.00 54.83 63658
0:01:06 0.17 204.36 0.00 54.72 63696
0:01:06 0.13 205.51 0.00 54.64 63725
0:01:06 0.13 205.51 0.00 54.64 63746
0:01:06 0.09 206.70 0.00 54.62 63784
0:01:06 0.09 206.70 0.00 54.62 63817
0:01:06 0.06 208.67 0.00 54.57 63902
0:01:06 0.06 208.67 0.00 54.57 63931
0:01:06 0.04 210.46 0.00 54.53 63951
0:01:06 0.04 210.46 0.00 54.53 63991
0:01:06 0.02 211.82 0.00 54.51 64019
0:01:06 0.02 211.82 0.00 54.51 64044
0:01:07 0.02 213.15 0.00 54.49 64064
0:01:07 0.02 213.15 0.00 54.49 64090
0:01:07 0.02 213.15 0.00 54.49 64110
0:01:07 0.01 214.16 0.00 54.49 64130
0:01:07 0.01 214.16 0.00 54.49 64166
0:01:07 0.01 215.61 0.00 54.54 64185
0:01:07 0.01 215.61 0.00 54.54 64209
0:01:07 0.01 215.61 0.00 54.54 64228
0:01:07 0.01 217.01 0.00 54.39 64256
0:01:07 0.01 217.01 0.00 54.39 64275
0:01:07 0.00 218.20 0.00 54.19 64294
0:01:07 0.00 218.20 0.00 54.19 64323
0:01:07 0.00 219.64 0.00 54.07 64345
0:01:07 0.00 219.64 0.00 54.07 64364
0:01:07 0.00 219.64 0.00 54.07 64392
0:01:07 0.00 221.35 0.00 54.05 64411
0:01:07 0.00 221.35 0.00 54.05 64430
0:01:07 0.00 221.35 0.00 54.05 64450
0:01:07 0.00 222.68 0.00 54.12 64477
0:01:07 0.00 222.68 0.00 54.12 64496
0:01:07 0.00 224.05 0.00 54.23 64522
0:01:07 0.00 224.05 0.00 54.23 64541
0:01:07 0.00 225.23 0.00 54.32 64564
0:01:07 0.00 225.23 0.00 54.32 64589
0:01:07 0.00 225.23 0.00 54.32 64609
0:01:07 0.00 226.58 0.00 54.40 64633
0:01:07 0.00 226.58 0.00 54.40 64653
0:01:07 0.00 227.76 0.00 54.44 64687
0:01:07 0.00 227.76 0.00 54.44 64709
